fonte,categoria,campo,valor,severidade,mensagem
caminhao,dimensao,,1202x26,INFO,Dimensao observada
caminhao,dtype,ANO MÊS,period[M],INFO,Tipo estrutural observado
caminhao,dtype,EQUIPAMENTO,object,INFO,Tipo estrutural observado
caminhao,dtype,DF (META),Float64,INFO,Tipo estrutural observado
caminhao,nulos,DF (META),17,WARNING,Campo contem valores nulos
caminhao,coercao,DF (META),0,INFO,Coercao numerica; amostra: []
caminhao,dtype,DF (REAL),Float64,INFO,Tipo estrutural observado
caminhao,nulos,DF (REAL),3,WARNING,Campo contem valores nulos
caminhao,coercao,DF (REAL),0,INFO,Coercao numerica; amostra: []
caminhao,dtype,MTBF (META),Float64,INFO,Tipo estrutural observado
caminhao,nulos,MTBF (META),16,WARNING,Campo contem valores nulos
caminhao,coercao,MTBF (META),0,INFO,Coercao numerica; amostra: []
caminhao,dtype,MTBF (REAL),Float64,INFO,Tipo estrutural observado
caminhao,nulos,MTBF (REAL),4,WARNING,Campo contem valores nulos
caminhao,coercao,MTBF (REAL),0,INFO,Coercao numerica; amostra: []
caminhao,dtype,MTBS (META),Float64,INFO,Tipo estrutural observado
caminhao,nulos,MTBS (META),16,WARNING,Campo contem valores nulos
caminhao,coercao,MTBS (META),0,INFO,Coercao numerica; amostra: []
caminhao,dtype,MTBS (REAL),Float64,INFO,Tipo estrutural observado
caminhao,nulos,MTBS (REAL),4,WARNING,Campo contem valores nulos
caminhao,coercao,MTBS (REAL),0,INFO,Coercao numerica; amostra: []
caminhao,dtype,MTTR (META),Float64,INFO,Tipo estrutural observado
caminhao,nulos,MTTR (META),15,WARNING,Campo contem valores nulos
caminhao,coercao,MTTR (META),0,INFO,Coercao numerica; amostra: []
caminhao,dtype,MTTR,Float64,INFO,Tipo estrutural observado
caminhao,nulos,MTTR,14,WARNING,Campo contem valores nulos
caminhao,coercao,MTTR,0,INFO,Coercao numerica; amostra: []
caminhao,dtype,NIC (META),Float64,INFO,Tipo estrutural observado
caminhao,nulos,NIC (META),16,WARNING,Campo contem valores nulos
caminhao,coercao,NIC (META),0,INFO,Coercao numerica; amostra: []
caminhao,dtype,NIC (VMINA),Float64,INFO,Tipo estrutural observado
caminhao,nulos,NIC (VMINA),14,WARNING,Campo contem valores nulos
caminhao,coercao,NIC (VMINA),0,INFO,Coercao numerica; amostra: []
caminhao,dtype,UF (META),Float64,INFO,Tipo estrutural observado
caminhao,nulos,UF (META),16,WARNING,Campo contem valores nulos
caminhao,coercao,UF (META),0,INFO,Coercao numerica; amostra: []
caminhao,impossiveis,UF (META),3,ERROR,Percentual acima de 100
caminhao,dtype,UF (REAL),Float64,INFO,Tipo estrutural observado
caminhao,nulos,UF (REAL),4,WARNING,Campo contem valores nulos
caminhao,coercao,UF (REAL),0,INFO,Coercao numerica; amostra: []
caminhao,dtype,RO (META),Float64,INFO,Tipo estrutural observado
caminhao,nulos,RO (META),23,WARNING,Campo contem valores nulos
caminhao,coercao,RO (META),0,INFO,Coercao numerica; amostra: []
caminhao,dtype,RO (REAL),Float64,INFO,Tipo estrutural observado
caminhao,nulos,RO (REAL),4,WARNING,Campo contem valores nulos
caminhao,coercao,RO (REAL),0,INFO,Coercao numerica; amostra: []
caminhao,dtype,HO (REAL),Float64,INFO,Tipo estrutural observado
caminhao,nulos,HO (REAL),4,WARNING,Campo contem valores nulos
caminhao,coercao,HO (REAL),0,INFO,Coercao numerica; amostra: []
caminhao,dtype,HT (META),Float64,INFO,Tipo estrutural observado
caminhao,nulos,HT (META),16,WARNING,Campo contem valores nulos
caminhao,coercao,HT (META),0,INFO,Coercao numerica; amostra: []
caminhao,dtype,HT (REAL),Float64,INFO,Tipo estrutural observado
caminhao,nulos,HT (REAL),4,WARNING,Campo contem valores nulos
caminhao,coercao,HT (REAL),0,INFO,Coercao numerica; amostra: []
caminhao,dtype,HM (META),Float64,INFO,Tipo estrutural observado
caminhao,nulos,HM (META),3,WARNING,Campo contem valores nulos
caminhao,coercao,HM (META),0,INFO,Coercao numerica; amostra: []
caminhao,dtype,HM (REAL),Float64,INFO,Tipo estrutural observado
caminhao,nulos,HM (REAL),5,WARNING,Campo contem valores nulos
caminhao,coercao,HM (REAL),0,INFO,Coercao numerica; amostra: []
caminhao,dtype,HMC (META),Float64,INFO,Tipo estrutural observado
caminhao,nulos,HMC (META),3,WARNING,Campo contem valores nulos
caminhao,coercao,HMC (META),0,INFO,Coercao numerica; amostra: []
caminhao,dtype,HMC (REAL),Float64,INFO,Tipo estrutural observado
caminhao,nulos,HMC (REAL),14,WARNING,Campo contem valores nulos
caminhao,coercao,HMC (REAL),0,INFO,Coercao numerica; amostra: []
caminhao,dtype,MPS (REAL),Float64,INFO,Tipo estrutural observado
caminhao,nulos,MPS (REAL),21,WARNING,Campo contem valores nulos
caminhao,coercao,MPS (REAL),0,INFO,Coercao numerica; amostra: []
caminhao,dtype,MPNS (REAL),Float64,INFO,Tipo estrutural observado
caminhao,nulos,MPNS (REAL),16,WARNING,Campo contem valores nulos
caminhao,coercao,MPNS (REAL),0,INFO,Coercao numerica; amostra: []
caminhao,dtype,HAC (REAL),Float64,INFO,Tipo estrutural observado
caminhao,nulos,HAC (REAL),1115,WARNING,Campo contem valores nulos
caminhao,coercao,HAC (REAL),0,INFO,Coercao numerica; amostra: []
caminhao,cardinalidade,MTBF (REAL),1198,INFO,Cardinalidade elevada
caminhao,cardinalidade,MTBS (REAL),1198,INFO,Cardinalidade elevada
caminhao,cardinalidade,MTTR,1187,INFO,Cardinalidade elevada
caminhao,cardinalidade,UF (REAL),1198,INFO,Cardinalidade elevada
caminhao,cardinalidade,RO (REAL),1198,INFO,Cardinalidade elevada
caminhao,cardinalidade,HO (REAL),1197,INFO,Cardinalidade elevada
caminhao,cardinalidade,HT (REAL),1198,INFO,Cardinalidade elevada
caminhao,cardinalidade,HM (REAL),1196,INFO,Cardinalidade elevada
caminhao,cardinalidade,HMC (REAL),1188,INFO,Cardinalidade elevada
caminhao,cardinalidade,MPS (REAL),1181,INFO,Cardinalidade elevada
caminhao,cardinalidade,MPNS (REAL),1180,INFO,Cardinalidade elevada
carga,dimensao,,241x26,INFO,Dimensao observada
carga,dtype,ANO MÊS,period[M],INFO,Tipo estrutural observado
carga,dtype,EQUIPAMENTO,object,INFO,Tipo estrutural observado
carga,dtype,DF (META),Float64,INFO,Tipo estrutural observado
carga,nulos,DF (META),4,WARNING,Campo contem valores nulos
carga,coercao,DF (META),0,INFO,Coercao numerica; amostra: []
carga,dtype,DF (REAL),Float64,INFO,Tipo estrutural observado
carga,coercao,DF (REAL),0,INFO,Coercao numerica; amostra: []
carga,dtype,MTBF (META),Float64,INFO,Tipo estrutural observado
carga,nulos,MTBF (META),7,WARNING,Campo contem valores nulos
carga,coercao,MTBF (META),0,INFO,Coercao numerica; amostra: []
carga,dtype,MTBF (REAL),Float64,INFO,Tipo estrutural observado
carga,nulos,MTBF (REAL),2,WARNING,Campo contem valores nulos
carga,coercao,MTBF (REAL),0,INFO,Coercao numerica; amostra: []
carga,dtype,MTBS (META),Float64,INFO,Tipo estrutural observado
carga,nulos,MTBS (META),7,WARNING,Campo contem valores nulos
carga,coercao,MTBS (META),0,INFO,Coercao numerica; amostra: []
carga,dtype,MTBS (REAL),Float64,INFO,Tipo estrutural observado
carga,nulos,MTBS (REAL),2,WARNING,Campo contem valores nulos
carga,coercao,MTBS (REAL),0,INFO,Coercao numerica; amostra: []
carga,dtype,MTTR (META),Float64,INFO,Tipo estrutural observado
carga,nulos,MTTR (META),7,WARNING,Campo contem valores nulos
carga,coercao,MTTR (META),0,INFO,Coercao numerica; amostra: []
carga,dtype,MTTR,Float64,INFO,Tipo estrutural observado
carga,nulos,MTTR,11,WARNING,Campo contem valores nulos
carga,coercao,MTTR,0,INFO,Coercao numerica; amostra: []
carga,dtype,NIC (META),Float64,INFO,Tipo estrutural observado
carga,nulos,NIC (META),7,WARNING,Campo contem valores nulos
carga,coercao,NIC (META),0,INFO,Coercao numerica; amostra: []
carga,dtype,NIC (VMINA),Float64,INFO,Tipo estrutural observado
carga,nulos,NIC (VMINA),11,WARNING,Campo contem valores nulos
carga,coercao,NIC (VMINA),0,INFO,Coercao numerica; amostra: []
carga,dtype,UF (META),Float64,INFO,Tipo estrutural observado
carga,nulos,UF (META),7,WARNING,Campo contem valores nulos
carga,coercao,UF (META),0,INFO,Coercao numerica; amostra: []
carga,impossiveis,UF (META),2,ERROR,Percentual acima de 100
carga,dtype,UF (REAL),Float64,INFO,Tipo estrutural observado
carga,nulos,UF (REAL),2,WARNING,Campo contem valores nulos
carga,coercao,UF (REAL),0,INFO,Coercao numerica; amostra: []
carga,dtype,RO (META),Float64,INFO,Tipo estrutural observado
carga,nulos,RO (META),9,WARNING,Campo contem valores nulos
carga,coercao,RO (META),0,INFO,Coercao numerica; amostra: []
carga,dtype,RO (REAL),Float64,INFO,Tipo estrutural observado
carga,nulos,RO (REAL),2,WARNING,Campo contem valores nulos
carga,coercao,RO (REAL),0,INFO,Coercao numerica; amostra: []
carga,dtype,HO (REAL),Float64,INFO,Tipo estrutural observado
carga,nulos,HO (REAL),2,WARNING,Campo contem valores nulos
carga,coercao,HO (REAL),0,INFO,Coercao numerica; amostra: []
carga,dtype,HT (META),Float64,INFO,Tipo estrutural observado
carga,nulos,HT (META),7,WARNING,Campo contem valores nulos
carga,coercao,HT (META),0,INFO,Coercao numerica; amostra: []
carga,dtype,HT (REAL),Float64,INFO,Tipo estrutural observado
carga,nulos,HT (REAL),2,WARNING,Campo contem valores nulos
carga,coercao,HT (REAL),0,INFO,Coercao numerica; amostra: []
carga,dtype,HM (META),Float64,INFO,Tipo estrutural observado
carga,coercao,HM (META),0,INFO,Coercao numerica; amostra: []
carga,dtype,HM (REAL),Float64,INFO,Tipo estrutural observado
carga,coercao,HM (REAL),0,INFO,Coercao numerica; amostra: []
carga,dtype,HMC (META),Float64,INFO,Tipo estrutural observado
carga,coercao,HMC (META),0,INFO,Coercao numerica; amostra: []
carga,dtype,HMC (REAL),Float64,INFO,Tipo estrutural observado
carga,nulos,HMC (REAL),11,WARNING,Campo contem valores nulos
carga,coercao,HMC (REAL),0,INFO,Coercao numerica; amostra: []
carga,dtype,MPS (REAL),Float64,INFO,Tipo estrutural observado
carga,nulos,MPS (REAL),13,WARNING,Campo contem valores nulos
carga,coercao,MPS (REAL),0,INFO,Coercao numerica; amostra: []
carga,dtype,MPNS (REAL),Float64,INFO,Tipo estrutural observado
carga,nulos,MPNS (REAL),13,WARNING,Campo contem valores nulos
carga,coercao,MPNS (REAL),0,INFO,Coercao numerica; amostra: []
carga,dtype,HAC (REAL),Float64,INFO,Tipo estrutural observado
carga,nulos,HAC (REAL),197,WARNING,Campo contem valores nulos
carga,coercao,HAC (REAL),0,INFO,Coercao numerica; amostra: []
carga,cardinalidade,DF (REAL),231,INFO,Cardinalidade elevada
carga,cardinalidade,MTBF (REAL),239,INFO,Cardinalidade elevada
carga,cardinalidade,MTBS (REAL),239,INFO,Cardinalidade elevada
carga,cardinalidade,MTTR,230,INFO,Cardinalidade elevada
carga,cardinalidade,UF (META),233,INFO,Cardinalidade elevada
carga,cardinalidade,UF (REAL),239,INFO,Cardinalidade elevada
carga,cardinalidade,RO (REAL),239,INFO,Cardinalidade elevada
carga,cardinalidade,HO (REAL),239,INFO,Cardinalidade elevada
carga,cardinalidade,HT (REAL),239,INFO,Cardinalidade elevada
carga,cardinalidade,HM (META),237,INFO,Cardinalidade elevada
carga,cardinalidade,HM (REAL),241,INFO,Cardinalidade elevada
carga,cardinalidade,HMC (META),237,INFO,Cardinalidade elevada
carga,cardinalidade,HMC (REAL),230,INFO,Cardinalidade elevada
perfuracao,dimensao,,271x26,INFO,Dimensao observada
perfuracao,dtype,ANO MÊS,period[M],INFO,Tipo estrutural observado
perfuracao,dtype,EQUIPAMENTO,object,INFO,Tipo estrutural observado
perfuracao,dtype,DF (META),Float64,INFO,Tipo estrutural observado
perfuracao,nulos,DF (META),2,WARNING,Campo contem valores nulos
perfuracao,coercao,DF (META),0,INFO,Coercao numerica; amostra: []
perfuracao,dtype,DF (REAL),Float64,INFO,Tipo estrutural observado
perfuracao,nulos,DF (REAL),1,WARNING,Campo contem valores nulos
perfuracao,coercao,DF (REAL),0,INFO,Coercao numerica; amostra: []
perfuracao,dtype,MTBF (META),Float64,INFO,Tipo estrutural observado
perfuracao,nulos,MTBF (META),4,WARNING,Campo contem valores nulos
perfuracao,coercao,MTBF (META),0,INFO,Coercao numerica; amostra: []
perfuracao,dtype,MTBF (REAL),Float64,INFO,Tipo estrutural observado
perfuracao,nulos,MTBF (REAL),2,WARNING,Campo contem valores nulos
perfuracao,coercao,MTBF (REAL),0,INFO,Coercao numerica; amostra: []
perfuracao,dtype,MTBS (META),Float64,INFO,Tipo estrutural observado
perfuracao,nulos,MTBS (META),4,WARNING,Campo contem valores nulos
perfuracao,coercao,MTBS (META),0,INFO,Coercao numerica; amostra: []
perfuracao,dtype,MTBS (REAL),Float64,INFO,Tipo estrutural observado
perfuracao,nulos,MTBS (REAL),2,WARNING,Campo contem valores nulos
perfuracao,coercao,MTBS (REAL),0,INFO,Coercao numerica; amostra: []
perfuracao,dtype,MTTR (META),Float64,INFO,Tipo estrutural observado
perfuracao,nulos,MTTR (META),4,WARNING,Campo contem valores nulos
perfuracao,coercao,MTTR (META),0,INFO,Coercao numerica; amostra: []
perfuracao,dtype,MTTR,Float64,INFO,Tipo estrutural observado
perfuracao,nulos,MTTR,2,WARNING,Campo contem valores nulos
perfuracao,coercao,MTTR,0,INFO,Coercao numerica; amostra: []
perfuracao,dtype,NIC (META),Float64,INFO,Tipo estrutural observado
perfuracao,nulos,NIC (META),4,WARNING,Campo contem valores nulos
perfuracao,coercao,NIC (META),0,INFO,Coercao numerica; amostra: []
perfuracao,dtype,NIC (VMINA),Float64,INFO,Tipo estrutural observado
perfuracao,nulos,NIC (VMINA),2,WARNING,Campo contem valores nulos
perfuracao,coercao,NIC (VMINA),0,INFO,Coercao numerica; amostra: []
perfuracao,dtype,UF (META),Float64,INFO,Tipo estrutural observado
perfuracao,nulos,UF (META),4,WARNING,Campo contem valores nulos
perfuracao,coercao,UF (META),0,INFO,Coercao numerica; amostra: []
perfuracao,impossiveis,UF (META),1,ERROR,Percentual acima de 100
perfuracao,dtype,UF (REAL),Float64,INFO,Tipo estrutural observado
perfuracao,nulos,UF (REAL),2,WARNING,Campo contem valores nulos
perfuracao,coercao,UF (REAL),0,INFO,Coercao numerica; amostra: []
perfuracao,dtype,RO (META),Float64,INFO,Tipo estrutural observado
perfuracao,nulos,RO (META),5,WARNING,Campo contem valores nulos
perfuracao,coercao,RO (META),0,INFO,Coercao numerica; amostra: []
perfuracao,dtype,RO (REAL),Float64,INFO,Tipo estrutural observado
perfuracao,nulos,RO (REAL),2,WARNING,Campo contem valores nulos
perfuracao,coercao,RO (REAL),0,INFO,Coercao numerica; amostra: []
perfuracao,dtype,HO (REAL),Float64,INFO,Tipo estrutural observado
perfuracao,nulos,HO (REAL),2,WARNING,Campo contem valores nulos
perfuracao,coercao,HO (REAL),0,INFO,Coercao numerica; amostra: []
perfuracao,dtype,HT (META),Float64,INFO,Tipo estrutural observado
perfuracao,nulos,HT (META),4,WARNING,Campo contem valores nulos
perfuracao,coercao,HT (META),0,INFO,Coercao numerica; amostra: []
perfuracao,dtype,HT (REAL),Float64,INFO,Tipo estrutural observado
perfuracao,nulos,HT (REAL),2,WARNING,Campo contem valores nulos
perfuracao,coercao,HT (REAL),0,INFO,Coercao numerica; amostra: []
perfuracao,dtype,HM (META),Float64,INFO,Tipo estrutural observado
perfuracao,nulos,HM (META),1,WARNING,Campo contem valores nulos
perfuracao,coercao,HM (META),0,INFO,Coercao numerica; amostra: []
perfuracao,dtype,HM (REAL),Float64,INFO,Tipo estrutural observado
perfuracao,nulos,HM (REAL),1,WARNING,Campo contem valores nulos
perfuracao,coercao,HM (REAL),0,INFO,Coercao numerica; amostra: []
perfuracao,dtype,HMC (META),Float64,INFO,Tipo estrutural observado
perfuracao,nulos,HMC (META),1,WARNING,Campo contem valores nulos
perfuracao,coercao,HMC (META),0,INFO,Coercao numerica; amostra: []
perfuracao,dtype,HMC (REAL),Float64,INFO,Tipo estrutural observado
perfuracao,nulos,HMC (REAL),2,WARNING,Campo contem valores nulos
perfuracao,coercao,HMC (REAL),0,INFO,Coercao numerica; amostra: []
perfuracao,dtype,MPS (REAL),Float64,INFO,Tipo estrutural observado
perfuracao,nulos,MPS (REAL),5,WARNING,Campo contem valores nulos
perfuracao,coercao,MPS (REAL),0,INFO,Coercao numerica; amostra: []
perfuracao,dtype,MPNS (REAL),Float64,INFO,Tipo estrutural observado
perfuracao,nulos,MPNS (REAL),58,WARNING,Campo contem valores nulos
perfuracao,coercao,MPNS (REAL),0,INFO,Coercao numerica; amostra: []
perfuracao,dtype,HAC (REAL),Float64,INFO,Tipo estrutural observado
perfuracao,nulos,HAC (REAL),193,WARNING,Campo contem valores nulos
perfuracao,coercao,HAC (REAL),0,INFO,Coercao numerica; amostra: []
perfuracao,cardinalidade,DF (REAL),262,INFO,Cardinalidade elevada
perfuracao,cardinalidade,MTBF (REAL),269,INFO,Cardinalidade elevada
perfuracao,cardinalidade,MTBS (REAL),269,INFO,Cardinalidade elevada
perfuracao,cardinalidade,MTTR,269,INFO,Cardinalidade elevada
perfuracao,cardinalidade,UF (REAL),269,INFO,Cardinalidade elevada
perfuracao,cardinalidade,RO (REAL),269,INFO,Cardinalidade elevada
perfuracao,cardinalidade,HO (REAL),269,INFO,Cardinalidade elevada
perfuracao,cardinalidade,HT (REAL),269,INFO,Cardinalidade elevada
perfuracao,cardinalidade,HM (REAL),270,INFO,Cardinalidade elevada
perfuracao,cardinalidade,HMC (REAL),269,INFO,Cardinalidade elevada
perfuracao,cardinalidade,MPS (REAL),266,INFO,Cardinalidade elevada
infra,dimensao,,1293x26,INFO,Dimensao observada
infra,dtype,ANO MÊS,period[M],INFO,Tipo estrutural observado
infra,dtype,EQUIPAMENTO,object,INFO,Tipo estrutural observado
infra,dtype,DF (META),Float64,INFO,Tipo estrutural observado
infra,nulos,DF (META),30,WARNING,Campo contem valores nulos
infra,coercao,DF (META),0,INFO,Coercao numerica; amostra: []
infra,dtype,DF (REAL),Float64,INFO,Tipo estrutural observado
infra,nulos,DF (REAL),1,WARNING,Campo contem valores nulos
infra,coercao,DF (REAL),0,INFO,Coercao numerica; amostra: []
infra,dtype,MTBF (META),Float64,INFO,Tipo estrutural observado
infra,nulos,MTBF (META),57,WARNING,Campo contem valores nulos
infra,coercao,MTBF (META),0,INFO,Coercao numerica; amostra: []
infra,dtype,MTBF (REAL),Float64,INFO,Tipo estrutural observado
infra,nulos,MTBF (REAL),74,WARNING,Campo contem valores nulos
infra,coercao,MTBF (REAL),0,INFO,Coercao numerica; amostra: []
infra,dtype,MTBS (META),Float64,INFO,Tipo estrutural observado
infra,nulos,MTBS (META),57,WARNING,Campo contem valores nulos
infra,coercao,MTBS (META),0,INFO,Coercao numerica; amostra: []
infra,dtype,MTBS (REAL),Float64,INFO,Tipo estrutural observado
infra,nulos,MTBS (REAL),74,WARNING,Campo contem valores nulos
infra,coercao,MTBS (REAL),0,INFO,Coercao numerica; amostra: []
infra,dtype,MTTR (META),Float64,INFO,Tipo estrutural observado
infra,nulos,MTTR (META),57,WARNING,Campo contem valores nulos
infra,coercao,MTTR (META),0,INFO,Coercao numerica; amostra: []
infra,dtype,MTTR,Float64,INFO,Tipo estrutural observado
infra,nulos,MTTR,105,WARNING,Campo contem valores nulos
infra,coercao,MTTR,0,INFO,Coercao numerica; amostra: []
infra,dtype,NIC (META),Float64,INFO,Tipo estrutural observado
infra,nulos,NIC (META),57,WARNING,Campo contem valores nulos
infra,coercao,NIC (META),0,INFO,Coercao numerica; amostra: []
infra,dtype,NIC (VMINA),Float64,INFO,Tipo estrutural observado
infra,nulos,NIC (VMINA),105,WARNING,Campo contem valores nulos
infra,coercao,NIC (VMINA),0,INFO,Coercao numerica; amostra: []
infra,dtype,UF (META),Float64,INFO,Tipo estrutural observado
infra,nulos,UF (META),57,WARNING,Campo contem valores nulos
infra,coercao,UF (META),0,INFO,Coercao numerica; amostra: []
infra,negativos,UF (META),2,WARNING,Valores negativos encontrados
infra,impossiveis,UF (META),17,ERROR,Percentual acima de 100
infra,dtype,UF (REAL),Float64,INFO,Tipo estrutural observado
infra,nulos,UF (REAL),74,WARNING,Campo contem valores nulos
infra,coercao,UF (REAL),0,INFO,Coercao numerica; amostra: []
infra,dtype,RO (META),Float64,INFO,Tipo estrutural observado
infra,nulos,RO (META),74,WARNING,Campo contem valores nulos
infra,coercao,RO (META),0,INFO,Coercao numerica; amostra: []
infra,dtype,RO (REAL),Float64,INFO,Tipo estrutural observado
infra,nulos,RO (REAL),74,WARNING,Campo contem valores nulos
infra,coercao,RO (REAL),0,INFO,Coercao numerica; amostra: []
infra,dtype,HO (REAL),Float64,INFO,Tipo estrutural observado
infra,nulos,HO (REAL),36,WARNING,Campo contem valores nulos
infra,coercao,HO (REAL),0,INFO,Coercao numerica; amostra: []
infra,dtype,HT (META),Float64,INFO,Tipo estrutural observado
infra,nulos,HT (META),57,WARNING,Campo contem valores nulos
infra,coercao,HT (META),0,INFO,Coercao numerica; amostra: []
infra,dtype,HT (REAL),Float64,INFO,Tipo estrutural observado
infra,nulos,HT (REAL),74,WARNING,Campo contem valores nulos
infra,coercao,HT (REAL),0,INFO,Coercao numerica; amostra: []
infra,dtype,HM (META),Float64,INFO,Tipo estrutural observado
infra,nulos,HM (META),1,WARNING,Campo contem valores nulos
infra,coercao,HM (META),0,INFO,Coercao numerica; amostra: []
infra,dtype,HM (REAL),Float64,INFO,Tipo estrutural observado
infra,nulos,HM (REAL),25,WARNING,Campo contem valores nulos
infra,coercao,HM (REAL),0,INFO,Coercao numerica; amostra: []
infra,dtype,HMC (META),Float64,INFO,Tipo estrutural observado
infra,nulos,HMC (META),1,WARNING,Campo contem valores nulos
infra,coercao,HMC (META),0,INFO,Coercao numerica; amostra: []
infra,dtype,HMC (REAL),Float64,INFO,Tipo estrutural observado
infra,nulos,HMC (REAL),105,WARNING,Campo contem valores nulos
infra,coercao,HMC (REAL),0,INFO,Coercao numerica; amostra: []
infra,dtype,MPS (REAL),Float64,INFO,Tipo estrutural observado
infra,nulos,MPS (REAL),181,WARNING,Campo contem valores nulos
infra,coercao,MPS (REAL),0,INFO,Coercao numerica; amostra: []
infra,dtype,MPNS (REAL),Float64,INFO,Tipo estrutural observado
infra,nulos,MPNS (REAL),574,WARNING,Campo contem valores nulos
infra,coercao,MPNS (REAL),0,INFO,Coercao numerica; amostra: []
infra,dtype,HAC (REAL),Float64,INFO,Tipo estrutural observado
infra,nulos,HAC (REAL),1228,WARNING,Campo contem valores nulos
infra,coercao,HAC (REAL),0,INFO,Coercao numerica; amostra: []
infra,cardinalidade,HO (REAL),1248,INFO,Cardinalidade elevada
infra,cardinalidade,HM (REAL),1239,INFO,Cardinalidade elevada
AMS_Contador,dimensao,,70786x157,INFO,Dimensao observada
AMS_Contador,dtype,PRIMARY_KEY_JOIN,object,INFO,Tipo estrutural observado
AMS_Contador,dtype,PRIMARY_KEY_JOIN_WC,int64,INFO,Tipo estrutural observado
AMS_Contador,coercao,PRIMARY_KEY_JOIN_WC,0,INFO,Coercao numerica; amostra: []
AMS_Contador,dtype,PRIMARY_KEY_JOIN_FL,object,INFO,Tipo estrutural observado
AMS_Contador,dtype,PRIMARY_KEY_JOIN_EQ,float64,INFO,Tipo estrutural observado
AMS_Contador,nulos,PRIMARY_KEY_JOIN_EQ,70786,WARNING,Campo contem valores nulos
AMS_Contador,constante,PRIMARY_KEY_JOIN_EQ,,INFO,Campo constante
AMS_Contador,dtype,PRIMARY_KEY_JOIN_FL_EQ,object,INFO,Tipo estrutural observado
AMS_Contador,dtype,UPDATED_ON,object,INFO,Tipo estrutural observado
AMS_Contador,dtype,YEAR,int64,INFO,Tipo estrutural observado
AMS_Contador,coercao,YEAR,0,INFO,Coercao numerica; amostra: []
AMS_Contador,dtype,CALMONTH,int64,INFO,Tipo estrutural observado
AMS_Contador,coercao,CALMONTH,0,INFO,Coercao numerica; amostra: []
AMS_Contador,dtype,CALWEEK,float64,INFO,Tipo estrutural observado
AMS_Contador,nulos,CALWEEK,44303,WARNING,Campo contem valores nulos
AMS_Contador,coercao,CALWEEK,0,INFO,Coercao numerica; amostra: []
AMS_Contador,dtype,BUKRS,int64,INFO,Tipo estrutural observado
AMS_Contador,constante,BUKRS,1001,INFO,Campo constante
AMS_Contador,coercao,BUKRS,0,INFO,Coercao numerica; amostra: []
AMS_Contador,dtype,DIRECT_EXEC_PM_0001,object,INFO,Tipo estrutural observado
AMS_Contador,constante,DIRECT_EXEC_PM_0001,DIR. EXECUT. FERROSOS,INFO,Campo constante
AMS_Contador,dtype,DIRECTORIA_PM_0001,object,INFO,Tipo estrutural observado
AMS_Contador,constante,DIRECTORIA_PM_0001,DIR. CORREDOR SUDESTE,INFO,Campo constante
AMS_Contador,dtype,GRCIA_AREA_PM_0001,object,INFO,Tipo estrutural observado
AMS_Contador,dtype,GRCIA_GRAL_PM_0001,object,INFO,Tipo estrutural observado
AMS_Contador,dtype,SUPERV_RESPONSAVEL_PM_0001,object,INFO,Tipo estrutural observado
AMS_Contador,dtype,FASE_WC_PM_0001,object,INFO,Tipo estrutural observado
AMS_Contador,dtype,EMPRESA_LD3_PM_0001,object,INFO,Tipo estrutural observado
AMS_Contador,nulos,EMPRESA_LD3_PM_0001,56897,WARNING,Campo contem valores nulos
AMS_Contador,dtype,WC_ENG_RESP_PM_0001,float64,INFO,Tipo estrutural observado
AMS_Contador,nulos,WC_ENG_RESP_PM_0001,70786,WARNING,Campo contem valores nulos
AMS_Contador,constante,WC_ENG_RESP_PM_0001,,INFO,Campo constante
AMS_Contador,dtype,WERKS,int64,INFO,Tipo estrutural observado
AMS_Contador,coercao,WERKS,0,INFO,Coercao numerica; amostra: []
AMS_Contador,dtype,ARBPL,object,INFO,Tipo estrutural observado
AMS_Contador,dtype,OBJID,int64,INFO,Tipo estrutural observado
AMS_Contador,coercao,OBJID,0,INFO,Coercao numerica; amostra: []
AMS_Contador,dtype,VERWE,int64,INFO,Tipo estrutural observado
AMS_Contador,constante,VERWE,5,INFO,Campo constante
AMS_Contador,coercao,VERWE,0,INFO,Coercao numerica; amostra: []
AMS_Contador,dtype,VERAN,object,INFO,Tipo estrutural observado
AMS_Contador,dtype,LSTAR,object,INFO,Tipo estrutural observado
AMS_Contador,nulos,LSTAR,50424,WARNING,Campo contem valores nulos
AMS_Contador,dtype,NEGOCIO_PM_0001,object,INFO,Tipo estrutural observado
AMS_Contador,dtype,CORREDOR,object,INFO,Tipo estrutural observado
AMS_Contador,dtype,COMPLEXO_PM_0001,object,INFO,Tipo estrutural observado
AMS_Contador,dtype,FASE_FL_PM_0001,object,INFO,Tipo estrutural observado
AMS_Contador,nulos,FASE_FL_PM_0001,3283,WARNING,Campo contem valores nulos
AMS_Contador,dtype,FASEPROD_FL_PM_0001,object,INFO,Tipo estrutural observado
AMS_Contador,nulos,FASEPROD_FL_PM_0001,3828,WARNING,Campo contem valores nulos
AMS_Contador,dtype,EQART,int64,INFO,Tipo estrutural observado
AMS_Contador,coercao,EQART,0,INFO,Coercao numerica; amostra: []
AMS_Contador,dtype,RBNRX,object,INFO,Tipo estrutural observado
AMS_Contador,dtype,IWERK,int64,INFO,Tipo estrutural observado
AMS_Contador,coercao,IWERK,0,INFO,Coercao numerica; amostra: []
AMS_Contador,dtype,TPLNR,object,INFO,Tipo estrutural observado
AMS_Contador,dtype,TPLNR_ID,object,INFO,Tipo estrutural observado
AMS_Contador,dtype,EQUNR,float64,INFO,Tipo estrutural observado
AMS_Contador,nulos,EQUNR,70786,WARNING,Campo contem valores nulos
AMS_Contador,constante,EQUNR,,INFO,Campo constante
AMS_Contador,dtype,ABCKZ_FL,object,INFO,Tipo estrutural observado
AMS_Contador,dtype,ABCKZ_EQ,float64,INFO,Tipo estrutural observado
AMS_Contador,nulos,ABCKZ_EQ,70786,WARNING,Campo contem valores nulos
AMS_Contador,constante,ABCKZ_EQ,,INFO,Campo constante
AMS_Contador,dtype,ZZCRIT_FL,object,INFO,Tipo estrutural observado
AMS_Contador,nulos,ZZCRIT_FL,66310,WARNING,Campo contem valores nulos
AMS_Contador,constante,ZZCRIT_FL,X,INFO,Campo constante
AMS_Contador,dtype,ZZCOD_RISK_FL,object,INFO,Tipo estrutural observado
AMS_Contador,nulos,ZZCOD_RISK_FL,66310,WARNING,Campo contem valores nulos
AMS_Contador,dtype,ZZCRIT_EQ,float64,INFO,Tipo estrutural observado
AMS_Contador,nulos,ZZCRIT_EQ,70786,WARNING,Campo contem valores nulos
AMS_Contador,constante,ZZCRIT_EQ,,INFO,Campo constante
AMS_Contador,dtype,ZZCOD_RISK_EQ,float64,INFO,Tipo estrutural observado
AMS_Contador,nulos,ZZCOD_RISK_EQ,70786,WARNING,Campo contem valores nulos
AMS_Contador,constante,ZZCOD_RISK_EQ,,INFO,Campo constante
AMS_Contador,dtype,KOSTL,float64,INFO,Tipo estrutural observado
AMS_Contador,nulos,KOSTL,4,WARNING,Campo contem valores nulos
AMS_Contador,coercao,KOSTL,0,INFO,Coercao numerica; amostra: []
AMS_Contador,dtype,AUFNR,int64,INFO,Tipo estrutural observado
AMS_Contador,coercao,AUFNR,0,INFO,Coercao numerica; amostra: []
AMS_Contador,dtype,ZZSYSSTATUS,float64,INFO,Tipo estrutural observado
AMS_Contador,nulos,ZZSYSSTATUS,70786,WARNING,Campo contem valores nulos
AMS_Contador,constante,ZZSYSSTATUS,,INFO,Campo constante
AMS_Contador,dtype,ZZUSERSTATUS,float64,INFO,Tipo estrutural observado
AMS_Contador,nulos,ZZUSERSTATUS,70786,WARNING,Campo contem valores nulos
AMS_Contador,constante,ZZUSERSTATUS,,INFO,Campo constante
AMS_Contador,dtype,AUFNR_SYSSTATUS_PT,object,INFO,Tipo estrutural observado
AMS_Contador,nulos,AUFNR_SYSSTATUS_PT,84,WARNING,Campo contem valores nulos
AMS_Contador,dtype,AUFNR_USERSTATUS_PT,object,INFO,Tipo estrutural observado
AMS_Contador,nulos,AUFNR_USERSTATUS_PT,84,WARNING,Campo contem valores nulos
AMS_Contador,dtype,AUFNR_SYSSTATUS_EN,object,INFO,Tipo estrutural observado
AMS_Contador,nulos,AUFNR_SYSSTATUS_EN,194,WARNING,Campo contem valores nulos
AMS_Contador,dtype,AUFNR_USERSTATUS_EN,object,INFO,Tipo estrutural observado
AMS_Contador,nulos,AUFNR_USERSTATUS_EN,194,WARNING,Campo contem valores nulos
AMS_Contador,dtype,LAST_USERSTATUS_PT,object,INFO,Tipo estrutural observado
AMS_Contador,nulos,LAST_USERSTATUS_PT,70142,WARNING,Campo contem valores nulos
AMS_Contador,dtype,LAST_USERSTATUS_EN,float64,INFO,Tipo estrutural observado
AMS_Contador,nulos,LAST_USERSTATUS_EN,70786,WARNING,Campo contem valores nulos
AMS_Contador,constante,LAST_USERSTATUS_EN,,INFO,Campo constante
AMS_Contador,dtype,DATE_LAST_USERSTATUS_PT,float64,INFO,Tipo estrutural observado
AMS_Contador,nulos,DATE_LAST_USERSTATUS_PT,70786,WARNING,Campo contem valores nulos
AMS_Contador,constante,DATE_LAST_USERSTATUS_PT,,INFO,Campo constante
AMS_Contador,dtype,DATE_LAST_USERSTATUS_EN,float64,INFO,Tipo estrutural observado
AMS_Contador,nulos,DATE_LAST_USERSTATUS_EN,70786,WARNING,Campo contem valores nulos
AMS_Contador,constante,DATE_LAST_USERSTATUS_EN,,INFO,Campo constante
AMS_Contador,dtype,WAERS,object,INFO,Tipo estrutural observado
AMS_Contador,constante,WAERS,BRL,INFO,Campo constante
AMS_Contador,dtype,AUART,object,INFO,Tipo estrutural observado
AMS_Contador,constante,AUART,YPM,INFO,Campo constante
AMS_Contador,dtype,ILART,object,INFO,Tipo estrutural observado
AMS_Contador,dtype,ILATX,object,INFO,Tipo estrutural observado
AMS_Contador,dtype,KTEXT,object,INFO,Tipo estrutural observado
AMS_Contador,dtype,ABCKZ_WO,object,INFO,Tipo estrutural observado
AMS_Contador,nulos,ABCKZ_WO,5,WARNING,Campo contem valores nulos
AMS_Contador,dtype,PRIOK,int64,INFO,Tipo estrutural observado
AMS_Contador,coercao,PRIOK,0,INFO,Coercao numerica; amostra: []
AMS_Contador,dtype,LTRMN,float64,INFO,Tipo estrutural observado
AMS_Contador,nulos,LTRMN,70786,WARNING,Campo contem valores nulos
AMS_Contador,constante,LTRMN,,INFO,Campo constante
AMS_Contador,dtype,WARPL,int64,INFO,Tipo estrutural observado
AMS_Contador,coercao,WARPL,0,INFO,Coercao numerica; amostra: []
AMS_Contador,dtype,WARPL_ZZSYSSTATUS,float64,INFO,Tipo estrutural observado
AMS_Contador,nulos,WARPL_ZZSYSSTATUS,70786,WARNING,Campo contem valores nulos
AMS_Contador,constante,WARPL_ZZSYSSTATUS,,INFO,Campo constante
AMS_Contador,dtype,WAPOS,int64,INFO,Tipo estrutural observado
AMS_Contador,coercao,WAPOS,0,INFO,Coercao numerica; amostra: []
AMS_Contador,dtype,ABNUM,int64,INFO,Tipo estrutural observado
AMS_Contador,coercao,ABNUM,0,INFO,Coercao numerica; amostra: []
AMS_Contador,dtype,TONEG,int64,INFO,Tipo estrutural observado
AMS_Contador,coercao,TONEG,0,INFO,Coercao numerica; amostra: []
AMS_Contador,dtype,TOPOS,int64,INFO,Tipo estrutural observado
AMS_Contador,coercao,TOPOS,0,INFO,Coercao numerica; amostra: []
AMS_Contador,dtype,ZYK1K,float64,INFO,Tipo estrutural observado
AMS_Contador,coercao,ZYK1K,0,INFO,Coercao numerica; amostra: []
AMS_Contador,dtype,ZEIEH,object,INFO,Tipo estrutural observado
AMS_Contador,constante,ZEIEH,H,INFO,Campo constante
AMS_Contador,dtype,RZAEH,float64,INFO,Tipo estrutural observado
AMS_Contador,coercao,RZAEH,0,INFO,Coercao numerica; amostra: []
AMS_Contador,dtype,RZAEH_ANT,float64,INFO,Tipo estrutural observado
AMS_Contador,nulos,RZAEH_ANT,7458,WARNING,Campo contem valores nulos
AMS_Contador,coercao,RZAEH_ANT,0,INFO,Coercao numerica; amostra: []
AMS_Contador,dtype,INGRP,float64,INFO,Tipo estrutural observado
AMS_Contador,nulos,INGRP,39074,WARNING,Campo contem valores nulos
AMS_Contador,coercao,INGRP,0,INFO,Coercao numerica; amostra: []
AMS_Contador,dtype,EXCLUIR_PLANTA,float64,INFO,Tipo estrutural observado
AMS_Contador,nulos,EXCLUIR_PLANTA,70786,WARNING,Campo contem valores nulos
AMS_Contador,constante,EXCLUIR_PLANTA,,INFO,Campo constante
AMS_Contador,dtype,PLANTA_VALIDA,object,INFO,Tipo estrutural observado
AMS_Contador,constante,PLANTA_VALIDA,SIM,INFO,Campo constante
AMS_Contador,dtype,ERDAT,int64,INFO,Tipo estrutural observado
AMS_Contador,coercao,ERDAT,0,INFO,Coercao numerica; amostra: []
AMS_Contador,dtype,IDAT2,int64,INFO,Tipo estrutural observado
AMS_Contador,coercao,IDAT2,0,INFO,Coercao numerica; amostra: []
AMS_Contador,dtype,IDAT3,int64,INFO,Tipo estrutural observado
AMS_Contador,coercao,IDAT3,0,INFO,Coercao numerica; amostra: []
AMS_Contador,dtype,ADDAT,int64,INFO,Tipo estrutural observado
AMS_Contador,coercao,ADDAT,0,INFO,Coercao numerica; amostra: []
AMS_Contador,dtype,QMART,float64,INFO,Tipo estrutural observado
AMS_Contador,nulos,QMART,70786,WARNING,Campo contem valores nulos
AMS_Contador,constante,QMART,,INFO,Campo constante
AMS_Contador,dtype,QMNUM,float64,INFO,Tipo estrutural observado
AMS_Contador,nulos,QMNUM,70786,WARNING,Campo contem valores nulos
AMS_Contador,constante,QMNUM,,INFO,Campo constante
AMS_Contador,dtype,QMEL_RBNR,float64,INFO,Tipo estrutural observado
AMS_Contador,nulos,QMEL_RBNR,70786,WARNING,Campo contem valores nulos
AMS_Contador,constante,QMEL_RBNR,,INFO,Campo constante
AMS_Contador,dtype,QMEL_RBNRX,float64,INFO,Tipo estrutural observado
AMS_Contador,nulos,QMEL_RBNRX,70786,WARNING,Campo contem valores nulos
AMS_Contador,constante,QMEL_RBNRX,,INFO,Campo constante
AMS_Contador,dtype,QMGRP,float64,INFO,Tipo estrutural observado
AMS_Contador,nulos,QMGRP,70786,WARNING,Campo contem valores nulos
AMS_Contador,constante,QMGRP,,INFO,Campo constante
AMS_Contador,dtype,QMGRP_KURZTEXT,float64,INFO,Tipo estrutural observado
AMS_Contador,nulos,QMGRP_KURZTEXT,70786,WARNING,Campo contem valores nulos
AMS_Contador,constante,QMGRP_KURZTEXT,,INFO,Campo constante
AMS_Contador,dtype,QMCOD,float64,INFO,Tipo estrutural observado
AMS_Contador,nulos,QMCOD,70786,WARNING,Campo contem valores nulos
AMS_Contador,constante,QMCOD,,INFO,Campo constante
AMS_Contador,dtype,QMCOD_KURZTEXT,float64,INFO,Tipo estrutural observado
AMS_Contador,nulos,QMCOD_KURZTEXT,70786,WARNING,Campo contem valores nulos
AMS_Contador,constante,QMCOD_KURZTEXT,,INFO,Campo constante
AMS_Contador,dtype,OTGRP,float64,INFO,Tipo estrutural observado
AMS_Contador,nulos,OTGRP,70786,WARNING,Campo contem valores nulos
AMS_Contador,constante,OTGRP,,INFO,Campo constante
AMS_Contador,dtype,OTEIL,float64,INFO,Tipo estrutural observado
AMS_Contador,nulos,OTEIL,70786,WARNING,Campo contem valores nulos
AMS_Contador,constante,OTEIL,,INFO,Campo constante
AMS_Contador,dtype,OTEIL_KURZTEXT,float64,INFO,Tipo estrutural observado
AMS_Contador,nulos,OTEIL_KURZTEXT,70786,WARNING,Campo contem valores nulos
AMS_Contador,constante,OTEIL_KURZTEXT,,INFO,Campo constante
AMS_Contador,dtype,FEGRP,float64,INFO,Tipo estrutural observado
AMS_Contador,nulos,FEGRP,70786,WARNING,Campo contem valores nulos
AMS_Contador,constante,FEGRP,,INFO,Campo constante
AMS_Contador,dtype,FECOD,float64,INFO,Tipo estrutural observado
AMS_Contador,nulos,FECOD,70786,WARNING,Campo contem valores nulos
AMS_Contador,constante,FECOD,,INFO,Campo constante
AMS_Contador,dtype,FECOD_KURZTEXT,float64,INFO,Tipo estrutural observado
AMS_Contador,nulos,FECOD_KURZTEXT,70786,WARNING,Campo contem valores nulos
AMS_Contador,constante,FECOD_KURZTEXT,,INFO,Campo constante
AMS_Contador,dtype,MNGRP,float64,INFO,Tipo estrutural observado
AMS_Contador,nulos,MNGRP,70786,WARNING,Campo contem valores nulos
AMS_Contador,constante,MNGRP,,INFO,Campo constante
AMS_Contador,dtype,MNCOD,float64,INFO,Tipo estrutural observado
AMS_Contador,nulos,MNCOD,70786,WARNING,Campo contem valores nulos
AMS_Contador,constante,MNCOD,,INFO,Campo constante
AMS_Contador,dtype,MNCOD_KURZTEXT,float64,INFO,Tipo estrutural observado
AMS_Contador,nulos,MNCOD_KURZTEXT,70786,WARNING,Campo contem valores nulos
AMS_Contador,constante,MNCOD_KURZTEXT,,INFO,Campo constante
AMS_Contador,dtype,MSAUS,float64,INFO,Tipo estrutural observado
AMS_Contador,nulos,MSAUS,70786,WARNING,Campo contem valores nulos
AMS_Contador,constante,MSAUS,,INFO,Campo constante
AMS_Contador,dtype,AUSVN,float64,INFO,Tipo estrutural observado
AMS_Contador,nulos,AUSVN,70786,WARNING,Campo contem valores nulos
AMS_Contador,constante,AUSVN,,INFO,Campo constante
AMS_Contador,dtype,AUZTV,float64,INFO,Tipo estrutural observado
AMS_Contador,nulos,AUZTV,70786,WARNING,Campo contem valores nulos
AMS_Contador,constante,AUZTV,,INFO,Campo constante
AMS_Contador,dtype,AUSBS,float64,INFO,Tipo estrutural observado
AMS_Contador,nulos,AUSBS,70786,WARNING,Campo contem valores nulos
AMS_Contador,constante,AUSBS,,INFO,Campo constante
AMS_Contador,dtype,AUZTB,float64,INFO,Tipo estrutural observado
AMS_Contador,nulos,AUZTB,70786,WARNING,Campo contem valores nulos
AMS_Contador,constante,AUZTB,,INFO,Campo constante
AMS_Contador,dtype,AUSZT,float64,INFO,Tipo estrutural observado
AMS_Contador,nulos,AUSZT,70786,WARNING,Campo contem valores nulos
AMS_Contador,constante,AUSZT,,INFO,Campo constante
AMS_Contador,dtype,MAUEH,float64,INFO,Tipo estrutural observado
AMS_Contador,nulos,MAUEH,70786,WARNING,Campo contem valores nulos
AMS_Contador,constante,MAUEH,,INFO,Campo constante
AMS_Contador,dtype,QMDAB,float64,INFO,Tipo estrutural observado
AMS_Contador,nulos,QMDAB,70786,WARNING,Campo contem valores nulos
AMS_Contador,constante,QMDAB,,INFO,Campo constante
AMS_Contador,dtype,IMAINDI383,int64,INFO,Tipo estrutural observado
AMS_Contador,coercao,IMAINDI383,0,INFO,Coercao numerica; amostra: []
AMS_Contador,dtype,IMAINDI384,int64,INFO,Tipo estrutural observado
AMS_Contador,coercao,IMAINDI384,0,INFO,Coercao numerica; amostra: []
AMS_Contador,dtype,IMAINDI385,int64,INFO,Tipo estrutural observado
AMS_Contador,coercao,IMAINDI385,0,INFO,Coercao numerica; amostra: []
AMS_Contador,dtype,OBJID_SUP,int64,INFO,Tipo estrutural observado
AMS_Contador,coercao,OBJID_SUP,0,INFO,Coercao numerica; amostra: []
AMS_Contador,dtype,OBJID_GAR,int64,INFO,Tipo estrutural observado
AMS_Contador,coercao,OBJID_GAR,0,INFO,Coercao numerica; amostra: []
AMS_Contador,dtype,OBJID_GER,int64,INFO,Tipo estrutural observado
AMS_Contador,constante,OBJID_GER,50759242,INFO,Campo constante
AMS_Contador,coercao,OBJID_GER,0,INFO,Coercao numerica; amostra: []
AMS_Contador,dtype,OBJID_GEG,int64,INFO,Tipo estrutural observado
AMS_Contador,constante,OBJID_GEG,50747762,INFO,Campo constante
AMS_Contador,coercao,OBJID_GEG,0,INFO,Coercao numerica; amostra: []
AMS_Contador,dtype,OBJID_DIR,int64,INFO,Tipo estrutural observado
AMS_Contador,constante,OBJID_DIR,50741292,INFO,Campo constante
AMS_Contador,coercao,OBJID_DIR,0,INFO,Coercao numerica; amostra: []
AMS_Contador,dtype,OBJID_DEX,int64,INFO,Tipo estrutural observado
AMS_Contador,constante,OBJID_DEX,50676353,INFO,Campo constante
AMS_Contador,coercao,OBJID_DEX,0,INFO,Coercao numerica; amostra: []
AMS_Contador,dtype,OBJID_CEO,int64,INFO,Tipo estrutural observado
AMS_Contador,constante,OBJID_CEO,50403760,INFO,Campo constante
AMS_Contador,coercao,OBJID_CEO,0,INFO,Coercao numerica; amostra: []
AMS_Contador,dtype,OBJID_SUP_TEXT,object,INFO,Tipo estrutural observado
AMS_Contador,nulos,OBJID_SUP_TEXT,2163,WARNING,Campo contem valores nulos
AMS_Contador,dtype,OBJID_GAR_TEXT,object,INFO,Tipo estrutural observado
AMS_Contador,dtype,OBJID_GER_TEXT,object,INFO,Tipo estrutural observado
AMS_Contador,constante,OBJID_GER_TEXT,GER LAYER MANUTENÇÃO MINA,INFO,Campo constante
AMS_Contador,dtype,OBJID_GEG_TEXT,object,INFO,Tipo estrutural observado
AMS_Contador,constante,OBJID_GEG_TEXT,DIR OPERACAO ITABIRA,INFO,Campo constante
AMS_Contador,dtype,OBJID_DIR_TEXT,object,INFO,Tipo estrutural observado
AMS_Contador,constante,OBJID_DIR_TEXT,DIR CORREDOR SUDESTE,INFO,Campo constante
AMS_Contador,dtype,OBJID_DEX_TEXT,object,INFO,Tipo estrutural observado
AMS_Contador,constante,OBJID_DEX_TEXT,VP EXEC OPERACOES,INFO,Campo constante
AMS_Contador,dtype,OBJID_CEO_TEXT,object,INFO,Tipo estrutural observado
AMS_Contador,constante,OBJID_CEO_TEXT,PRESIDENCIA,INFO,Campo constante
AMS_Contador,dtype,INTERVECAO,float64,INFO,Tipo estrutural observado
AMS_Contador,nulos,INTERVECAO,70786,WARNING,Campo contem valores nulos
AMS_Contador,constante,INTERVECAO,,INFO,Campo constante
AMS_Contador,dtype,DESEMP_FUNCAO,float64,INFO,Tipo estrutural observado
AMS_Contador,nulos,DESEMP_FUNCAO,70786,WARNING,Campo contem valores nulos
AMS_Contador,constante,DESEMP_FUNCAO,,INFO,Campo constante
AMS_Contador,dtype,PLANO_SISTEM,float64,INFO,Tipo estrutural observado
AMS_Contador,nulos,PLANO_SISTEM,70786,WARNING,Campo contem valores nulos
AMS_Contador,constante,PLANO_SISTEM,,INFO,Campo constante
AMS_Contador,dtype,ESP_SISTEM,float64,INFO,Tipo estrutural observado
AMS_Contador,nulos,ESP_SISTEM,70786,WARNING,Campo contem valores nulos
AMS_Contador,constante,ESP_SISTEM,,INFO,Campo constante
AMS_Contador,dtype,ORD_ATRIB,float64,INFO,Tipo estrutural observado
AMS_Contador,nulos,ORD_ATRIB,70786,WARNING,Campo contem valores nulos
AMS_Contador,constante,ORD_ATRIB,,INFO,Campo constante
AMS_Contador,dtype,SISTEMA_ESP,float64,INFO,Tipo estrutural observado
AMS_Contador,nulos,SISTEMA_ESP,70786,WARNING,Campo contem valores nulos
AMS_Contador,constante,SISTEMA_ESP,,INFO,Campo constante
AMS_Contador,dtype,EXPDAT,int64,INFO,Tipo estrutural observado
AMS_Contador,coercao,EXPDAT,0,INFO,Coercao numerica; amostra: []
AMS_Contador,dtype,ACTDAY,float64,INFO,Tipo estrutural observado
AMS_Contador,coercao,ACTDAY,0,INFO,Coercao numerica; amostra: []
AMS_Contador,dtype,TOLDAY,float64,INFO,Tipo estrutural observado
AMS_Contador,coercao,TOLDAY,0,INFO,Coercao numerica; amostra: []
AMS_Contador,dtype,PYEAR,float64,INFO,Tipo estrutural observado
AMS_Contador,coercao,PYEAR,0,INFO,Coercao numerica; amostra: []
AMS_Contador,dtype,READG,float64,INFO,Tipo estrutural observado
AMS_Contador,coercao,READG,0,INFO,Coercao numerica; amostra: []
AMS_Contador,dtype,NZAEH,float64,INFO,Tipo estrutural observado
AMS_Contador,coercao,NZAEH,0,INFO,Coercao numerica; amostra: []
AMS_Contador,dtype,POINT,int64,INFO,Tipo estrutural observado
AMS_Contador,coercao,POINT,0,INFO,Coercao numerica; amostra: []
AMS_Contador,dtype,PHAS0,object,INFO,Tipo estrutural observado
AMS_Contador,nulos,PHAS0,65938,WARNING,Campo contem valores nulos
AMS_Contador,constante,PHAS0,X,INFO,Campo constante
AMS_Contador,dtype,PHAS1,object,INFO,Tipo estrutural observado
AMS_Contador,nulos,PHAS1,31331,WARNING,Campo contem valores nulos
AMS_Contador,constante,PHAS1,X,INFO,Campo constante
AMS_Contador,dtype,PHAS2,object,INFO,Tipo estrutural observado
AMS_Contador,nulos,PHAS2,44478,WARNING,Campo contem valores nulos
AMS_Contador,constante,PHAS2,X,INFO,Campo constante
AMS_Contador,dtype,LASTREADG,float64,INFO,Tipo estrutural observado
AMS_Contador,nulos,LASTREADG,41475,WARNING,Campo contem valores nulos
AMS_Contador,coercao,LASTREADG,0,INFO,Coercao numerica; amostra: []
AMS_Contador,dtype,DEVCODE,object,INFO,Tipo estrutural observado
AMS_Contador,dtype,MAX_TOL,float64,INFO,Tipo estrutural observado
AMS_Contador,coercao,MAX_TOL,0,INFO,Coercao numerica; amostra: []
AMS_Contador,dtype,MIN_TOL,float64,INFO,Tipo estrutural observado
AMS_Contador,coercao,MIN_TOL,0,INFO,Coercao numerica; amostra: []
AMS_Contador,dtype,ZYKZT,float64,INFO,Tipo estrutural observado
AMS_Contador,coercao,ZYKZT,0,INFO,Coercao numerica; amostra: []
AMS_Contador,dtype,TARG383,float64,INFO,Tipo estrutural observado
AMS_Contador,coercao,TARG383,0,INFO,Coercao numerica; amostra: []
AMS_Contador,dtype,TARG384MIN,float64,INFO,Tipo estrutural observado
AMS_Contador,coercao,TARG384MIN,0,INFO,Coercao numerica; amostra: []
AMS_Contador,dtype,TARG384MAX,float64,INFO,Tipo estrutural observado
AMS_Contador,coercao,TARG384MAX,0,INFO,Coercao numerica; amostra: []
AMS_Contador,dtype,TERMA,object,INFO,Tipo estrutural observado
AMS_Contador,dtype,TARG383MIN,float64,INFO,Tipo estrutural observado
AMS_Contador,coercao,TARG383MIN,0,INFO,Coercao numerica; amostra: []
AMS_Contador,dtype,STRAT,object,INFO,Tipo estrutural observado
AMS_Contador,nulos,STRAT,9914,WARNING,Campo contem valores nulos
AMS_Contador,dtype,IDATE,int64,INFO,Tipo estrutural observado
AMS_Contador,coercao,IDATE,0,INFO,Coercao numerica; amostra: []
AMS_Contador,dtype,ERNAM,object,INFO,Tipo estrutural observado
AMS_Contador,dtype,WARPL_SYSSTATUS_PT,object,INFO,Tipo estrutural observado
AMS_Contador,dtype,WARPL_SYSSTATUS_EN,object,INFO,Tipo estrutural observado
AMS_Contador,dtype,WPTXT,object,INFO,Tipo estrutural observado
AMS_Contador,dtype,PSTXT,object,INFO,Tipo estrutural observado
AMS_Contador,nulos,PSTXT,109,WARNING,Campo contem valores nulos
AMS_Contador,dtype,PLNNR,object,INFO,Tipo estrutural observado
AMS_Contador,nulos,PLNNR,109,WARNING,Campo contem valores nulos
AMS_Contador,coercao,PLNNR,1115,WARNING,"Coercao numerica; amostra: ['BR331332', 'BR330239', 'BR339377']"
AMS_Contador,dtype,PLKO_KTEXT,object,INFO,Tipo estrutural observado
AMS_Contador,nulos,PLKO_KTEXT,109,WARNING,Campo contem valores nulos
AMS_Contador,dtype,IMAINDI400,int64,INFO,Tipo estrutural observado
AMS_Contador,coercao,IMAINDI400,0,INFO,Coercao numerica; amostra: []
AMS_Contador,dtype,INNAM,object,INFO,Tipo estrutural observado
AMS_Contador,nulos,INNAM,39074,WARNING,Campo contem valores nulos
AMS_Contador,duplicidade,"CALMONTH,TPLNR",61756,WARNING,Chaves estruturais duplicadas
AMS_Calendario,dimensao,,63476x134,INFO,Dimensao observada
AMS_Calendario,dtype,PRIMARY_KEY_JOIN,object,INFO,Tipo estrutural observado
AMS_Calendario,dtype,PRIMARY_KEY_JOIN_WC,int64,INFO,Tipo estrutural observado
AMS_Calendario,coercao,PRIMARY_KEY_JOIN_WC,0,INFO,Coercao numerica; amostra: []
AMS_Calendario,dtype,PRIMARY_KEY_JOIN_FL,object,INFO,Tipo estrutural observado
AMS_Calendario,dtype,PRIMARY_KEY_JOIN_EQ,object,INFO,Tipo estrutural observado
AMS_Calendario,nulos,PRIMARY_KEY_JOIN_EQ,63339,WARNING,Campo contem valores nulos
AMS_Calendario,coercao,PRIMARY_KEY_JOIN_EQ,0,INFO,Coercao numerica; amostra: []
AMS_Calendario,dtype,PRIMARY_KEY_JOIN_FL_EQ,object,INFO,Tipo estrutural observado
AMS_Calendario,dtype,UPDATED_ON,object,INFO,Tipo estrutural observado
AMS_Calendario,dtype,BUKRS,int64,INFO,Tipo estrutural observado
AMS_Calendario,constante,BUKRS,1001,INFO,Campo constante
AMS_Calendario,coercao,BUKRS,0,INFO,Coercao numerica; amostra: []
AMS_Calendario,dtype,DIRECT_EXEC_PM_0001,object,INFO,Tipo estrutural observado
AMS_Calendario,dtype,DIRECTORIA_PM_0001,object,INFO,Tipo estrutural observado
AMS_Calendario,dtype,GRCIA_AREA_PM_0001,object,INFO,Tipo estrutural observado
AMS_Calendario,dtype,GRCIA_GRAL_PM_0001,object,INFO,Tipo estrutural observado
AMS_Calendario,dtype,SUPERV_RESPONSAVEL_PM_0001,object,INFO,Tipo estrutural observado
AMS_Calendario,dtype,FASE_WC_PM_0001,object,INFO,Tipo estrutural observado
AMS_Calendario,dtype,EMPRESA_LD3_PM_0001,object,INFO,Tipo estrutural observado
AMS_Calendario,nulos,EMPRESA_LD3_PM_0001,53955,WARNING,Campo contem valores nulos
AMS_Calendario,dtype,WC_ENG_RESP_PM_0001,float64,INFO,Tipo estrutural observado
AMS_Calendario,nulos,WC_ENG_RESP_PM_0001,63476,WARNING,Campo contem valores nulos
AMS_Calendario,constante,WC_ENG_RESP_PM_0001,,INFO,Campo constante
AMS_Calendario,dtype,WERKS,int64,INFO,Tipo estrutural observado
AMS_Calendario,coercao,WERKS,0,INFO,Coercao numerica; amostra: []
AMS_Calendario,dtype,ARBPL,object,INFO,Tipo estrutural observado
AMS_Calendario,dtype,OBJID,float64,INFO,Tipo estrutural observado
AMS_Calendario,nulos,OBJID,63476,WARNING,Campo contem valores nulos
AMS_Calendario,constante,OBJID,,INFO,Campo constante
AMS_Calendario,dtype,VERWE,int64,INFO,Tipo estrutural observado
AMS_Calendario,constante,VERWE,5,INFO,Campo constante
AMS_Calendario,coercao,VERWE,0,INFO,Coercao numerica; amostra: []
AMS_Calendario,dtype,VERAN,object,INFO,Tipo estrutural observado
AMS_Calendario,dtype,NEGOCIO_PM_0001,object,INFO,Tipo estrutural observado
AMS_Calendario,nulos,NEGOCIO_PM_0001,20,WARNING,Campo contem valores nulos
AMS_Calendario,dtype,CORREDOR,object,INFO,Tipo estrutural observado
AMS_Calendario,nulos,CORREDOR,20,WARNING,Campo contem valores nulos
AMS_Calendario,dtype,COMPLEXO_PM_0001,object,INFO,Tipo estrutural observado
AMS_Calendario,nulos,COMPLEXO_PM_0001,20,WARNING,Campo contem valores nulos
AMS_Calendario,dtype,FASE_FL_PM_0001,object,INFO,Tipo estrutural observado
AMS_Calendario,nulos,FASE_FL_PM_0001,2134,WARNING,Campo contem valores nulos
AMS_Calendario,dtype,FASEPROD_FL_PM_0001,object,INFO,Tipo estrutural observado
AMS_Calendario,nulos,FASEPROD_FL_PM_0001,2704,WARNING,Campo contem valores nulos
AMS_Calendario,dtype,EQART,int64,INFO,Tipo estrutural observado
AMS_Calendario,coercao,EQART,0,INFO,Coercao numerica; amostra: []
AMS_Calendario,dtype,RBNRX,object,INFO,Tipo estrutural observado
AMS_Calendario,nulos,RBNRX,257,WARNING,Campo contem valores nulos
AMS_Calendario,dtype,IWERK,float64,INFO,Tipo estrutural observado
AMS_Calendario,nulos,IWERK,5,WARNING,Campo contem valores nulos
AMS_Calendario,coercao,IWERK,0,INFO,Coercao numerica; amostra: []
AMS_Calendario,dtype,TPLNR,object,INFO,Tipo estrutural observado
AMS_Calendario,dtype,TPLNR_ID,object,INFO,Tipo estrutural observado
AMS_Calendario,dtype,EQUNR,float64,INFO,Tipo estrutural observado
AMS_Calendario,nulos,EQUNR,63339,WARNING,Campo contem valores nulos
AMS_Calendario,coercao,EQUNR,0,INFO,Coercao numerica; amostra: []
AMS_Calendario,dtype,ABCKZ_FL,object,INFO,Tipo estrutural observado
AMS_Calendario,nulos,ABCKZ_FL,45,WARNING,Campo contem valores nulos
AMS_Calendario,dtype,ABCKZ_EQ,object,INFO,Tipo estrutural observado
AMS_Calendario,nulos,ABCKZ_EQ,63339,WARNING,Campo contem valores nulos
AMS_Calendario,dtype,ZZCRIT_FL,object,INFO,Tipo estrutural observado
AMS_Calendario,nulos,ZZCRIT_FL,61089,WARNING,Campo contem valores nulos
AMS_Calendario,constante,ZZCRIT_FL,X,INFO,Campo constante
AMS_Calendario,dtype,ZZCOD_RISK_FL,object,INFO,Tipo estrutural observado
AMS_Calendario,nulos,ZZCOD_RISK_FL,61089,WARNING,Campo contem valores nulos
AMS_Calendario,dtype,ZZCRIT_EQ,float64,INFO,Tipo estrutural observado
AMS_Calendario,nulos,ZZCRIT_EQ,63476,WARNING,Campo contem valores nulos
AMS_Calendario,constante,ZZCRIT_EQ,,INFO,Campo constante
AMS_Calendario,dtype,ZZCOD_RISK_EQ,float64,INFO,Tipo estrutural observado
AMS_Calendario,nulos,ZZCOD_RISK_EQ,63476,WARNING,Campo contem valores nulos
AMS_Calendario,constante,ZZCOD_RISK_EQ,,INFO,Campo constante
AMS_Calendario,dtype,KOSTL,float64,INFO,Tipo estrutural observado
AMS_Calendario,nulos,KOSTL,6,WARNING,Campo contem valores nulos
AMS_Calendario,coercao,KOSTL,0,INFO,Coercao numerica; amostra: []
AMS_Calendario,dtype,AUFNR,int64,INFO,Tipo estrutural observado
AMS_Calendario,coercao,AUFNR,0,INFO,Coercao numerica; amostra: []
AMS_Calendario,dtype,AUART,object,INFO,Tipo estrutural observado
AMS_Calendario,dtype,INGRP,float64,INFO,Tipo estrutural observado
AMS_Calendario,nulos,INGRP,24918,WARNING,Campo contem valores nulos
AMS_Calendario,coercao,INGRP,0,INFO,Coercao numerica; amostra: []
AMS_Calendario,dtype,ILART,object,INFO,Tipo estrutural observado
AMS_Calendario,dtype,ILATX,object,INFO,Tipo estrutural observado
AMS_Calendario,dtype,KTEXT,object,INFO,Tipo estrutural observado
AMS_Calendario,dtype,AUFNR_SYSSTATUS,float64,INFO,Tipo estrutural observado
AMS_Calendario,nulos,AUFNR_SYSSTATUS,63476,WARNING,Campo contem valores nulos
AMS_Calendario,constante,AUFNR_SYSSTATUS,,INFO,Campo constante
AMS_Calendario,dtype,AUFNR_USERSTATUS,float64,INFO,Tipo estrutural observado
AMS_Calendario,nulos,AUFNR_USERSTATUS,63476,WARNING,Campo contem valores nulos
AMS_Calendario,constante,AUFNR_USERSTATUS,,INFO,Campo constante
AMS_Calendario,dtype,AUFNR_SYSSTATUS_PT,object,INFO,Tipo estrutural observado
AMS_Calendario,nulos,AUFNR_SYSSTATUS_PT,142,WARNING,Campo contem valores nulos
AMS_Calendario,dtype,AUFNR_USERSTATUS_PT,object,INFO,Tipo estrutural observado
AMS_Calendario,nulos,AUFNR_USERSTATUS_PT,142,WARNING,Campo contem valores nulos
AMS_Calendario,dtype,AUFNR_SYSSTATUS_EN,object,INFO,Tipo estrutural observado
AMS_Calendario,nulos,AUFNR_SYSSTATUS_EN,1604,WARNING,Campo contem valores nulos
AMS_Calendario,dtype,AUFNR_USERSTATUS_EN,object,INFO,Tipo estrutural observado
AMS_Calendario,nulos,AUFNR_USERSTATUS_EN,1604,WARNING,Campo contem valores nulos
AMS_Calendario,dtype,LAST_USERSTATUS_PT,float64,INFO,Tipo estrutural observado
AMS_Calendario,nulos,LAST_USERSTATUS_PT,63476,WARNING,Campo contem valores nulos
AMS_Calendario,constante,LAST_USERSTATUS_PT,,INFO,Campo constante
AMS_Calendario,dtype,LAST_USERSTATUS_EN,float64,INFO,Tipo estrutural observado
AMS_Calendario,nulos,LAST_USERSTATUS_EN,63476,WARNING,Campo contem valores nulos
AMS_Calendario,constante,LAST_USERSTATUS_EN,,INFO,Campo constante
AMS_Calendario,dtype,DATE_LAST_USERSTATUS_PT,float64,INFO,Tipo estrutural observado
AMS_Calendario,nulos,DATE_LAST_USERSTATUS_PT,63476,WARNING,Campo contem valores nulos
AMS_Calendario,constante,DATE_LAST_USERSTATUS_PT,,INFO,Campo constante
AMS_Calendario,dtype,DATE_LAST_USERSTATUS_EN,float64,INFO,Tipo estrutural observado
AMS_Calendario,nulos,DATE_LAST_USERSTATUS_EN,63476,WARNING,Campo contem valores nulos
AMS_Calendario,constante,DATE_LAST_USERSTATUS_EN,,INFO,Campo constante
AMS_Calendario,dtype,GLTRP,int64,INFO,Tipo estrutural observado
AMS_Calendario,coercao,GLTRP,0,INFO,Coercao numerica; amostra: []
AMS_Calendario,dtype,GLTRS,int64,INFO,Tipo estrutural observado
AMS_Calendario,coercao,GLTRS,0,INFO,Coercao numerica; amostra: []
AMS_Calendario,dtype,GETRI,int64,INFO,Tipo estrutural observado
AMS_Calendario,coercao,GETRI,0,INFO,Coercao numerica; amostra: []
AMS_Calendario,dtype,ADDAT,int64,INFO,Tipo estrutural observado
AMS_Calendario,coercao,ADDAT,0,INFO,Coercao numerica; amostra: []
AMS_Calendario,dtype,IDAT2,int64,INFO,Tipo estrutural observado
AMS_Calendario,coercao,IDAT2,0,INFO,Coercao numerica; amostra: []
AMS_Calendario,dtype,ARBEI,float64,INFO,Tipo estrutural observado
AMS_Calendario,coercao,ARBEI,0,INFO,Coercao numerica; amostra: []
AMS_Calendario,dtype,ARBEI_DAY,float64,INFO,Tipo estrutural observado
AMS_Calendario,coercao,ARBEI_DAY,0,INFO,Coercao numerica; amostra: []
AMS_Calendario,dtype,ABCKZ_WO,object,INFO,Tipo estrutural observado
AMS_Calendario,nulos,ABCKZ_WO,53,WARNING,Campo contem valores nulos
AMS_Calendario,dtype,PRIOK,int64,INFO,Tipo estrutural observado
AMS_Calendario,coercao,PRIOK,0,INFO,Coercao numerica; amostra: []
AMS_Calendario,dtype,LTRMN,float64,INFO,Tipo estrutural observado
AMS_Calendario,nulos,LTRMN,63476,WARNING,Campo contem valores nulos
AMS_Calendario,constante,LTRMN,,INFO,Campo constante
AMS_Calendario,dtype,WARPL,int64,INFO,Tipo estrutural observado
AMS_Calendario,coercao,WARPL,0,INFO,Coercao numerica; amostra: []
AMS_Calendario,dtype,WARPL_SYSSTATUS,float64,INFO,Tipo estrutural observado
AMS_Calendario,nulos,WARPL_SYSSTATUS,63476,WARNING,Campo contem valores nulos
AMS_Calendario,constante,WARPL_SYSSTATUS,,INFO,Campo constante
AMS_Calendario,dtype,WPTXT,object,INFO,Tipo estrutural observado
AMS_Calendario,dtype,STICH,float64,INFO,Tipo estrutural observado
AMS_Calendario,nulos,STICH,18245,WARNING,Campo contem valores nulos
AMS_Calendario,coercao,STICH,0,INFO,Coercao numerica; amostra: []
AMS_Calendario,dtype,ANZPS,int64,INFO,Tipo estrutural observado
AMS_Calendario,coercao,ANZPS,0,INFO,Coercao numerica; amostra: []
AMS_Calendario,dtype,WAPOS,int64,INFO,Tipo estrutural observado
AMS_Calendario,coercao,WAPOS,0,INFO,Coercao numerica; amostra: []
AMS_Calendario,dtype,PSTXT,object,INFO,Tipo estrutural observado
AMS_Calendario,dtype,ABNUM,int64,INFO,Tipo estrutural observado
AMS_Calendario,coercao,ABNUM,0,INFO,Coercao numerica; amostra: []
AMS_Calendario,dtype,STRAT,object,INFO,Tipo estrutural observado
AMS_Calendario,nulos,STRAT,27140,WARNING,Campo contem valores nulos
AMS_Calendario,dtype,TONEG,int64,INFO,Tipo estrutural observado
AMS_Calendario,coercao,TONEG,0,INFO,Coercao numerica; amostra: []
AMS_Calendario,dtype,TOPOS,int64,INFO,Tipo estrutural observado
AMS_Calendario,coercao,TOPOS,0,INFO,Coercao numerica; amostra: []
AMS_Calendario,dtype,NPLDA,int64,INFO,Tipo estrutural observado
AMS_Calendario,coercao,NPLDA,0,INFO,Coercao numerica; amostra: []
AMS_Calendario,dtype,LRMDT,int64,INFO,Tipo estrutural observado
AMS_Calendario,coercao,LRMDT,0,INFO,Coercao numerica; amostra: []
AMS_Calendario,dtype,ZAEHL,int64,INFO,Tipo estrutural observado
AMS_Calendario,coercao,ZAEHL,0,INFO,Coercao numerica; amostra: []
AMS_Calendario,dtype,ZYKZT,float64,INFO,Tipo estrutural observado
AMS_Calendario,coercao,ZYKZT,0,INFO,Coercao numerica; amostra: []
AMS_Calendario,dtype,ZYK1K,float64,INFO,Tipo estrutural observado
AMS_Calendario,coercao,ZYK1K,0,INFO,Coercao numerica; amostra: []
AMS_Calendario,dtype,ZEIEH,object,INFO,Tipo estrutural observado
AMS_Calendario,nulos,ZEIEH,291,WARNING,Campo contem valores nulos
AMS_Calendario,dtype,POINT,float64,INFO,Tipo estrutural observado
AMS_Calendario,nulos,POINT,36256,WARNING,Campo contem valores nulos
AMS_Calendario,coercao,POINT,0,INFO,Coercao numerica; amostra: []
AMS_Calendario,dtype,PYEAR,float64,INFO,Tipo estrutural observado
AMS_Calendario,nulos,PYEAR,202,WARNING,Campo contem valores nulos
AMS_Calendario,coercao,PYEAR,0,INFO,Coercao numerica; amostra: []
AMS_Calendario,dtype,AVERAGE,float64,INFO,Tipo estrutural observado
AMS_Calendario,nulos,AVERAGE,202,WARNING,Campo contem valores nulos
AMS_Calendario,coercao,AVERAGE,0,INFO,Coercao numerica; amostra: []
AMS_Calendario,dtype,IMINTOLER,int64,INFO,Tipo estrutural observado
AMS_Calendario,coercao,IMINTOLER,0,INFO,Coercao numerica; amostra: []
AMS_Calendario,dtype,IMAXTOLER,int64,INFO,Tipo estrutural observado
AMS_Calendario,coercao,IMAXTOLER,0,INFO,Coercao numerica; amostra: []
AMS_Calendario,dtype,DTMINTOLER,int64,INFO,Tipo estrutural observado
AMS_Calendario,coercao,DTMINTOLER,0,INFO,Coercao numerica; amostra: []
AMS_Calendario,dtype,DTMAXTOLER,int64,INFO,Tipo estrutural observado
AMS_Calendario,coercao,DTMAXTOLER,0,INFO,Coercao numerica; amostra: []
AMS_Calendario,dtype,DTMAXTOLER_WITH_DURATION,float64,INFO,Tipo estrutural observado
AMS_Calendario,nulos,DTMAXTOLER_WITH_DURATION,5,WARNING,Campo contem valores nulos
AMS_Calendario,coercao,DTMAXTOLER_WITH_DURATION,0,INFO,Coercao numerica; amostra: []
AMS_Calendario,dtype,AMSYEAR,int64,INFO,Tipo estrutural observado
AMS_Calendario,coercao,AMSYEAR,0,INFO,Coercao numerica; amostra: []
AMS_Calendario,dtype,AMSMON,int64,INFO,Tipo estrutural observado
AMS_Calendario,coercao,AMSMON,0,INFO,Coercao numerica; amostra: []
AMS_Calendario,dtype,AMSMON_WITH_DURATION,float64,INFO,Tipo estrutural observado
AMS_Calendario,nulos,AMSMON_WITH_DURATION,5,WARNING,Campo contem valores nulos
AMS_Calendario,coercao,AMSMON_WITH_DURATION,0,INFO,Coercao numerica; amostra: []
AMS_Calendario,dtype,AMSWEEK,int64,INFO,Tipo estrutural observado
AMS_Calendario,coercao,AMSWEEK,0,INFO,Coercao numerica; amostra: []
AMS_Calendario,dtype,AMSDAY,int64,INFO,Tipo estrutural observado
AMS_Calendario,coercao,AMSDAY,0,INFO,Coercao numerica; amostra: []
AMS_Calendario,dtype,AMSDAY_DATE,object,INFO,Tipo estrutural observado
AMS_Calendario,dtype,AMSCALC,object,INFO,Tipo estrutural observado
AMS_Calendario,dtype,AMSCALC_WITH_DURATION,object,INFO,Tipo estrutural observado
AMS_Calendario,dtype,ITOSMPT,int64,INFO,Tipo estrutural observado
AMS_Calendario,coercao,ITOSMPT,0,INFO,Coercao numerica; amostra: []
AMS_Calendario,dtype,ITOSMPT_ACTUAL,int64,INFO,Tipo estrutural observado
AMS_Calendario,coercao,ITOSMPT_ACTUAL,0,INFO,Coercao numerica; amostra: []
AMS_Calendario,dtype,ITOSMPT_ACTUAL_WITH_DURATION,int64,INFO,Tipo estrutural observado
AMS_Calendario,coercao,ITOSMPT_ACTUAL_WITH_DURATION,0,INFO,Coercao numerica; amostra: []
AMS_Calendario,dtype,ITEOSMPT,int64,INFO,Tipo estrutural observado
AMS_Calendario,coercao,ITEOSMPT,0,INFO,Coercao numerica; amostra: []
AMS_Calendario,dtype,ITEOSMPT_WITH_DURATION,int64,INFO,Tipo estrutural observado
AMS_Calendario,coercao,ITEOSMPT_WITH_DURATION,0,INFO,Coercao numerica; amostra: []
AMS_Calendario,dtype,IMAINDI265,int64,INFO,Tipo estrutural observado
AMS_Calendario,constante,IMAINDI265,0,INFO,Campo constante
AMS_Calendario,coercao,IMAINDI265,0,INFO,Coercao numerica; amostra: []
AMS_Calendario,dtype,IMAINDI292,int64,INFO,Tipo estrutural observado
AMS_Calendario,coercao,IMAINDI292,0,INFO,Coercao numerica; amostra: []
AMS_Calendario,dtype,EXCLUIR_PLANTA,float64,INFO,Tipo estrutural observado
AMS_Calendario,nulos,EXCLUIR_PLANTA,63476,WARNING,Campo contem valores nulos
AMS_Calendario,constante,EXCLUIR_PLANTA,,INFO,Campo constante
AMS_Calendario,dtype,PLANTA_VALIDA,object,INFO,Tipo estrutural observado
AMS_Calendario,constante,PLANTA_VALIDA,SIM,INFO,Campo constante
AMS_Calendario,dtype,GRCIA_GRCI_PM_0001,object,INFO,Tipo estrutural observado
AMS_Calendario,dtype,OBJID_SUP,int64,INFO,Tipo estrutural observado
AMS_Calendario,coercao,OBJID_SUP,0,INFO,Coercao numerica; amostra: []
AMS_Calendario,dtype,OBJID_GAR,int64,INFO,Tipo estrutural observado
AMS_Calendario,coercao,OBJID_GAR,0,INFO,Coercao numerica; amostra: []
AMS_Calendario,dtype,OBJID_GER,int64,INFO,Tipo estrutural observado
AMS_Calendario,constante,OBJID_GER,50759242,INFO,Campo constante
AMS_Calendario,coercao,OBJID_GER,0,INFO,Coercao numerica; amostra: []
AMS_Calendario,dtype,OBJID_GEG,int64,INFO,Tipo estrutural observado
AMS_Calendario,constante,OBJID_GEG,50747762,INFO,Campo constante
AMS_Calendario,coercao,OBJID_GEG,0,INFO,Coercao numerica; amostra: []
AMS_Calendario,dtype,OBJID_DIR,int64,INFO,Tipo estrutural observado
AMS_Calendario,constante,OBJID_DIR,50741292,INFO,Campo constante
AMS_Calendario,coercao,OBJID_DIR,0,INFO,Coercao numerica; amostra: []
AMS_Calendario,dtype,OBJID_DEX,int64,INFO,Tipo estrutural observado
AMS_Calendario,constante,OBJID_DEX,50676353,INFO,Campo constante
AMS_Calendario,coercao,OBJID_DEX,0,INFO,Coercao numerica; amostra: []
AMS_Calendario,dtype,OBJID_CEO,int64,INFO,Tipo estrutural observado
AMS_Calendario,constante,OBJID_CEO,50403760,INFO,Campo constante
AMS_Calendario,coercao,OBJID_CEO,0,INFO,Coercao numerica; amostra: []
AMS_Calendario,dtype,OBJID_SUP_TEXT,object,INFO,Tipo estrutural observado
AMS_Calendario,nulos,OBJID_SUP_TEXT,3866,WARNING,Campo contem valores nulos
AMS_Calendario,dtype,OBJID_GAR_TEXT,object,INFO,Tipo estrutural observado
AMS_Calendario,dtype,OBJID_GER_TEXT,object,INFO,Tipo estrutural observado
AMS_Calendario,constante,OBJID_GER_TEXT,GER LAYER MANUTENÇÃO MINA,INFO,Campo constante
AMS_Calendario,dtype,OBJID_GEG_TEXT,object,INFO,Tipo estrutural observado
AMS_Calendario,constante,OBJID_GEG_TEXT,DIR OPERACAO ITABIRA,INFO,Campo constante
AMS_Calendario,dtype,OBJID_DIR_TEXT,object,INFO,Tipo estrutural observado
AMS_Calendario,constante,OBJID_DIR_TEXT,DIR CORREDOR SUDESTE,INFO,Campo constante
AMS_Calendario,dtype,OBJID_DEX_TEXT,object,INFO,Tipo estrutural observado
AMS_Calendario,constante,OBJID_DEX_TEXT,VP EXEC OPERACOES,INFO,Campo constante
AMS_Calendario,dtype,OBJID_CEO_TEXT,object,INFO,Tipo estrutural observado
AMS_Calendario,constante,OBJID_CEO_TEXT,PRESIDENCIA,INFO,Campo constante
AMS_Calendario,dtype,IMAINDI370,float64,INFO,Tipo estrutural observado
AMS_Calendario,nulos,IMAINDI370,63476,WARNING,Campo contem valores nulos
AMS_Calendario,constante,IMAINDI370,,INFO,Campo constante
AMS_Calendario,dtype,IMAINDI378,int64,INFO,Tipo estrutural observado
AMS_Calendario,coercao,IMAINDI378,0,INFO,Coercao numerica; amostra: []
AMS_Calendario,dtype,IMAINDI382,int64,INFO,Tipo estrutural observado
AMS_Calendario,constante,IMAINDI382,0,INFO,Campo constante
AMS_Calendario,coercao,IMAINDI382,0,INFO,Coercao numerica; amostra: []
AMS_Calendario,dtype,ITOSMPT_ACTUAL_NEW,int64,INFO,Tipo estrutural observado
AMS_Calendario,coercao,ITOSMPT_ACTUAL_NEW,0,INFO,Coercao numerica; amostra: []
AMS_Calendario,dtype,ITEOSMPT_NEW,int64,INFO,Tipo estrutural observado
AMS_Calendario,coercao,ITEOSMPT_NEW,0,INFO,Coercao numerica; amostra: []
AMS_Calendario,dtype,ITOSMPT_NEW,int64,INFO,Tipo estrutural observado
AMS_Calendario,constante,ITOSMPT_NEW,1,INFO,Campo constante
AMS_Calendario,coercao,ITOSMPT_NEW,0,INFO,Coercao numerica; amostra: []
AMS_Calendario,dtype,TERMA,float64,INFO,Tipo estrutural observado
AMS_Calendario,nulos,TERMA,63476,WARNING,Campo contem valores nulos
AMS_Calendario,constante,TERMA,,INFO,Campo constante
AMS_Calendario,dtype,ITEOSMPT_OP,int64,INFO,Tipo estrutural observado
AMS_Calendario,constante,ITEOSMPT_OP,0,INFO,Campo constante
AMS_Calendario,coercao,ITEOSMPT_OP,0,INFO,Coercao numerica; amostra: []
AMS_Calendario,dtype,ITOSMPT_ACTUAL_OP,int64,INFO,Tipo estrutural observado
AMS_Calendario,constante,ITOSMPT_ACTUAL_OP,0,INFO,Campo constante
AMS_Calendario,coercao,ITOSMPT_ACTUAL_OP,0,INFO,Coercao numerica; amostra: []
AMS_Calendario,dtype,PLNNR,object,INFO,Tipo estrutural observado
AMS_Calendario,coercao,PLNNR,1092,WARNING,"Coercao numerica; amostra: ['BR324875', 'BR330474', 'BR330474']"
AMS_Calendario,dtype,PLKO_KTEXT,object,INFO,Tipo estrutural observado
AMS_Calendario,dtype,IMAINDI399,int64,INFO,Tipo estrutural observado
AMS_Calendario,coercao,IMAINDI399,0,INFO,Coercao numerica; amostra: []
AMS_Calendario,dtype,INNAM,object,INFO,Tipo estrutural observado
AMS_Calendario,nulos,INNAM,24918,WARNING,Campo contem valores nulos
AMS_Calendario,cardinalidade,AUFNR,63476,INFO,Cardinalidade elevada
AMC_ITABIRA,dimensao,,101519x117,INFO,Dimensao observada
AMC_ITABIRA,dtype,PRIMARY_KEY_JOIN,object,INFO,Tipo estrutural observado
AMC_ITABIRA,nulos,PRIMARY_KEY_JOIN,1281,WARNING,Campo contem valores nulos
AMC_ITABIRA,dtype,PRIMARY_KEY_JOIN_WC,int64,INFO,Tipo estrutural observado
AMC_ITABIRA,coercao,PRIMARY_KEY_JOIN_WC,0,INFO,Coercao numerica; amostra: []
AMC_ITABIRA,dtype,PRIMARY_KEY_JOIN_FL,object,INFO,Tipo estrutural observado
AMC_ITABIRA,dtype,PRIMARY_KEY_JOIN_EQ,object,INFO,Tipo estrutural observado
AMC_ITABIRA,nulos,PRIMARY_KEY_JOIN_EQ,101515,WARNING,Campo contem valores nulos
AMC_ITABIRA,coercao,PRIMARY_KEY_JOIN_EQ,0,INFO,Coercao numerica; amostra: []
AMC_ITABIRA,dtype,PRIMARY_KEY_JOIN_FL_EQ,object,INFO,Tipo estrutural observado
AMC_ITABIRA,dtype,UPDATED_ON,object,INFO,Tipo estrutural observado
AMC_ITABIRA,dtype,YEAR,int64,INFO,Tipo estrutural observado
AMC_ITABIRA,coercao,YEAR,0,INFO,Coercao numerica; amostra: []
AMC_ITABIRA,dtype,CALMONTH,int64,INFO,Tipo estrutural observado
AMC_ITABIRA,coercao,CALMONTH,0,INFO,Coercao numerica; amostra: []
AMC_ITABIRA,dtype,CALWEEK,int64,INFO,Tipo estrutural observado
AMC_ITABIRA,coercao,CALWEEK,0,INFO,Coercao numerica; amostra: []
AMC_ITABIRA,dtype,BUKRS,int64,INFO,Tipo estrutural observado
AMC_ITABIRA,constante,BUKRS,1001,INFO,Campo constante
AMC_ITABIRA,coercao,BUKRS,0,INFO,Coercao numerica; amostra: []
AMC_ITABIRA,dtype,DIRECT_EXEC_PM_0001,object,INFO,Tipo estrutural observado
AMC_ITABIRA,dtype,DIRECTORIA_PM_0001,object,INFO,Tipo estrutural observado
AMC_ITABIRA,dtype,GRCIA_AREA_PM_0001,object,INFO,Tipo estrutural observado
AMC_ITABIRA,dtype,GRCIA_GRAL_PM_0001,object,INFO,Tipo estrutural observado
AMC_ITABIRA,dtype,SUPERV_RESPONSAVEL_PM_0001,object,INFO,Tipo estrutural observado
AMC_ITABIRA,dtype,FASE_WC_PM_0001,object,INFO,Tipo estrutural observado
AMC_ITABIRA,nulos,FASE_WC_PM_0001,6,WARNING,Campo contem valores nulos
AMC_ITABIRA,dtype,EMPRESA_LD3_PM_0001,object,INFO,Tipo estrutural observado
AMC_ITABIRA,nulos,EMPRESA_LD3_PM_0001,90163,WARNING,Campo contem valores nulos
AMC_ITABIRA,dtype,WC_ENG_RESP_PM_0001,float64,INFO,Tipo estrutural observado
AMC_ITABIRA,nulos,WC_ENG_RESP_PM_0001,101519,WARNING,Campo contem valores nulos
AMC_ITABIRA,constante,WC_ENG_RESP_PM_0001,,INFO,Campo constante
AMC_ITABIRA,dtype,WERKS,int64,INFO,Tipo estrutural observado
AMC_ITABIRA,coercao,WERKS,0,INFO,Coercao numerica; amostra: []
AMC_ITABIRA,dtype,ARBPL,object,INFO,Tipo estrutural observado
AMC_ITABIRA,dtype,OBJID,float64,INFO,Tipo estrutural observado
AMC_ITABIRA,nulos,OBJID,101519,WARNING,Campo contem valores nulos
AMC_ITABIRA,constante,OBJID,,INFO,Campo constante
AMC_ITABIRA,dtype,VERWE,int64,INFO,Tipo estrutural observado
AMC_ITABIRA,constante,VERWE,5,INFO,Campo constante
AMC_ITABIRA,coercao,VERWE,0,INFO,Coercao numerica; amostra: []
AMC_ITABIRA,dtype,VERAN,object,INFO,Tipo estrutural observado
AMC_ITABIRA,dtype,NEGOCIO_PM_0001,object,INFO,Tipo estrutural observado
AMC_ITABIRA,nulos,NEGOCIO_PM_0001,7,WARNING,Campo contem valores nulos
AMC_ITABIRA,dtype,CORREDOR,object,INFO,Tipo estrutural observado
AMC_ITABIRA,nulos,CORREDOR,7,WARNING,Campo contem valores nulos
AMC_ITABIRA,dtype,COMPLEXO_PM_0001,object,INFO,Tipo estrutural observado
AMC_ITABIRA,nulos,COMPLEXO_PM_0001,7,WARNING,Campo contem valores nulos
AMC_ITABIRA,dtype,FASE_FL_PM_0001,object,INFO,Tipo estrutural observado
AMC_ITABIRA,nulos,FASE_FL_PM_0001,3539,WARNING,Campo contem valores nulos
AMC_ITABIRA,dtype,FASEPROD_FL_PM_0001,object,INFO,Tipo estrutural observado
AMC_ITABIRA,nulos,FASEPROD_FL_PM_0001,5941,WARNING,Campo contem valores nulos
AMC_ITABIRA,dtype,EQART,float64,INFO,Tipo estrutural observado
AMC_ITABIRA,nulos,EQART,3,WARNING,Campo contem valores nulos
AMC_ITABIRA,coercao,EQART,0,INFO,Coercao numerica; amostra: []
AMC_ITABIRA,dtype,RBNRX,object,INFO,Tipo estrutural observado
AMC_ITABIRA,nulos,RBNRX,338,WARNING,Campo contem valores nulos
AMC_ITABIRA,dtype,IWERK,int64,INFO,Tipo estrutural observado
AMC_ITABIRA,coercao,IWERK,0,INFO,Coercao numerica; amostra: []
AMC_ITABIRA,dtype,TPLNR,object,INFO,Tipo estrutural observado
AMC_ITABIRA,dtype,TPLNR_ID,object,INFO,Tipo estrutural observado
AMC_ITABIRA,dtype,EQUNR,float64,INFO,Tipo estrutural observado
AMC_ITABIRA,nulos,EQUNR,101515,WARNING,Campo contem valores nulos
AMC_ITABIRA,coercao,EQUNR,0,INFO,Coercao numerica; amostra: []
AMC_ITABIRA,dtype,ABCKZ_FL,object,INFO,Tipo estrutural observado
AMC_ITABIRA,nulos,ABCKZ_FL,249,WARNING,Campo contem valores nulos
AMC_ITABIRA,dtype,ABCKZ_EQ,object,INFO,Tipo estrutural observado
AMC_ITABIRA,nulos,ABCKZ_EQ,101515,WARNING,Campo contem valores nulos
AMC_ITABIRA,dtype,ZZCRIT_FL,object,INFO,Tipo estrutural observado
AMC_ITABIRA,nulos,ZZCRIT_FL,101454,WARNING,Campo contem valores nulos
AMC_ITABIRA,constante,ZZCRIT_FL,X,INFO,Campo constante
AMC_ITABIRA,dtype,ZZCOD_RISK_FL,object,INFO,Tipo estrutural observado
AMC_ITABIRA,nulos,ZZCOD_RISK_FL,101454,WARNING,Campo contem valores nulos
AMC_ITABIRA,dtype,ZZCRIT_EQ,float64,INFO,Tipo estrutural observado
AMC_ITABIRA,nulos,ZZCRIT_EQ,101519,WARNING,Campo contem valores nulos
AMC_ITABIRA,constante,ZZCRIT_EQ,,INFO,Campo constante
AMC_ITABIRA,dtype,ZZCOD_RISK_EQ,float64,INFO,Tipo estrutural observado
AMC_ITABIRA,nulos,ZZCOD_RISK_EQ,101519,WARNING,Campo contem valores nulos
AMC_ITABIRA,constante,ZZCOD_RISK_EQ,,INFO,Campo constante
AMC_ITABIRA,dtype,KOSTL,float64,INFO,Tipo estrutural observado
AMC_ITABIRA,nulos,KOSTL,7,WARNING,Campo contem valores nulos
AMC_ITABIRA,coercao,KOSTL,0,INFO,Coercao numerica; amostra: []
AMC_ITABIRA,dtype,QMNUM,int64,INFO,Tipo estrutural observado
AMC_ITABIRA,coercao,QMNUM,0,INFO,Coercao numerica; amostra: []
AMC_ITABIRA,dtype,QMNUM_SYSSTATUS_PT,object,INFO,Tipo estrutural observado
AMC_ITABIRA,dtype,QMNUM_USERSTATUS_PT,object,INFO,Tipo estrutural observado
AMC_ITABIRA,dtype,QMNUM_SYSSTATUS_EN,object,INFO,Tipo estrutural observado
AMC_ITABIRA,dtype,QMNUM_USERSTATUS_EN,object,INFO,Tipo estrutural observado
AMC_ITABIRA,dtype,STRMN,int64,INFO,Tipo estrutural observado
AMC_ITABIRA,coercao,STRMN,0,INFO,Coercao numerica; amostra: []
AMC_ITABIRA,dtype,LTRMN,int64,INFO,Tipo estrutural observado
AMC_ITABIRA,coercao,LTRMN,0,INFO,Coercao numerica; amostra: []
AMC_ITABIRA,dtype,ERDAT,int64,INFO,Tipo estrutural observado
AMC_ITABIRA,coercao,ERDAT,0,INFO,Coercao numerica; amostra: []
AMC_ITABIRA,dtype,QMDAB,int64,INFO,Tipo estrutural observado
AMC_ITABIRA,coercao,QMDAB,0,INFO,Coercao numerica; amostra: []
AMC_ITABIRA,dtype,BEZDT,int64,INFO,Tipo estrutural observado
AMC_ITABIRA,coercao,BEZDT,0,INFO,Coercao numerica; amostra: []
AMC_ITABIRA,dtype,UDATE,float64,INFO,Tipo estrutural observado
AMC_ITABIRA,nulos,UDATE,13859,WARNING,Campo contem valores nulos
AMC_ITABIRA,coercao,UDATE,0,INFO,Coercao numerica; amostra: []
AMC_ITABIRA,dtype,ABCKZ_NO,object,INFO,Tipo estrutural observado
AMC_ITABIRA,nulos,ABCKZ_NO,246,WARNING,Campo contem valores nulos
AMC_ITABIRA,dtype,PRIOK,int64,INFO,Tipo estrutural observado
AMC_ITABIRA,coercao,PRIOK,0,INFO,Coercao numerica; amostra: []
AMC_ITABIRA,dtype,QMTXT,object,INFO,Tipo estrutural observado
AMC_ITABIRA,dtype,EXCLUIR_PLANTA,float64,INFO,Tipo estrutural observado
AMC_ITABIRA,nulos,EXCLUIR_PLANTA,101519,WARNING,Campo contem valores nulos
AMC_ITABIRA,constante,EXCLUIR_PLANTA,,INFO,Campo constante
AMC_ITABIRA,dtype,PLANTA_VALIDA,object,INFO,Tipo estrutural observado
AMC_ITABIRA,constante,PLANTA_VALIDA,SIM,INFO,Campo constante
AMC_ITABIRA,dtype,AUFNR,float64,INFO,Tipo estrutural observado
AMC_ITABIRA,nulos,AUFNR,5256,WARNING,Campo contem valores nulos
AMC_ITABIRA,coercao,AUFNR,0,INFO,Coercao numerica; amostra: []
AMC_ITABIRA,dtype,AUART,object,INFO,Tipo estrutural observado
AMC_ITABIRA,nulos,AUART,5256,WARNING,Campo contem valores nulos
AMC_ITABIRA,dtype,INGRP,float64,INFO,Tipo estrutural observado
AMC_ITABIRA,nulos,INGRP,15739,WARNING,Campo contem valores nulos
AMC_ITABIRA,coercao,INGRP,0,INFO,Coercao numerica; amostra: []
AMC_ITABIRA,dtype,ILART,object,INFO,Tipo estrutural observado
AMC_ITABIRA,nulos,ILART,5256,WARNING,Campo contem valores nulos
AMC_ITABIRA,dtype,AUFNR_SYSSTATUS_PT,object,INFO,Tipo estrutural observado
AMC_ITABIRA,nulos,AUFNR_SYSSTATUS_PT,5256,WARNING,Campo contem valores nulos
AMC_ITABIRA,dtype,AUFNR_USERSTATUS_PT,object,INFO,Tipo estrutural observado
AMC_ITABIRA,nulos,AUFNR_USERSTATUS_PT,5256,WARNING,Campo contem valores nulos
AMC_ITABIRA,dtype,AUFNR_SYSSTATUS_EN,float64,INFO,Tipo estrutural observado
AMC_ITABIRA,nulos,AUFNR_SYSSTATUS_EN,101519,WARNING,Campo contem valores nulos
AMC_ITABIRA,constante,AUFNR_SYSSTATUS_EN,,INFO,Campo constante
AMC_ITABIRA,dtype,AUFNR_USERSTATUS_EN,float64,INFO,Tipo estrutural observado
AMC_ITABIRA,nulos,AUFNR_USERSTATUS_EN,101519,WARNING,Campo contem valores nulos
AMC_ITABIRA,constante,AUFNR_USERSTATUS_EN,,INFO,Campo constante
AMC_ITABIRA,dtype,KTEXT,object,INFO,Tipo estrutural observado
AMC_ITABIRA,nulos,KTEXT,5256,WARNING,Campo contem valores nulos
AMC_ITABIRA,dtype,AUFK_ERDAT,int64,INFO,Tipo estrutural observado
AMC_ITABIRA,coercao,AUFK_ERDAT,0,INFO,Coercao numerica; amostra: []
AMC_ITABIRA,dtype,IDAT2,float64,INFO,Tipo estrutural observado
AMC_ITABIRA,nulos,IDAT2,5256,WARNING,Campo contem valores nulos
AMC_ITABIRA,coercao,IDAT2,0,INFO,Coercao numerica; amostra: []
AMC_ITABIRA,dtype,IDAT3,float64,INFO,Tipo estrutural observado
AMC_ITABIRA,nulos,IDAT3,5256,WARNING,Campo contem valores nulos
AMC_ITABIRA,coercao,IDAT3,0,INFO,Coercao numerica; amostra: []
AMC_ITABIRA,dtype,ADDAT,float64,INFO,Tipo estrutural observado
AMC_ITABIRA,nulos,ADDAT,5256,WARNING,Campo contem valores nulos
AMC_ITABIRA,coercao,ADDAT,0,INFO,Coercao numerica; amostra: []
AMC_ITABIRA,dtype,TOLERANCE_DAYS,int64,INFO,Tipo estrutural observado
AMC_ITABIRA,coercao,TOLERANCE_DAYS,0,INFO,Coercao numerica; amostra: []
AMC_ITABIRA,dtype,DTMINTOLER,int64,INFO,Tipo estrutural observado
AMC_ITABIRA,coercao,DTMINTOLER,0,INFO,Coercao numerica; amostra: []
AMC_ITABIRA,dtype,DTMAXTOLER,int64,INFO,Tipo estrutural observado
AMC_ITABIRA,coercao,DTMAXTOLER,0,INFO,Coercao numerica; amostra: []
AMC_ITABIRA,dtype,AMCYEAR,int64,INFO,Tipo estrutural observado
AMC_ITABIRA,coercao,AMCYEAR,0,INFO,Coercao numerica; amostra: []
AMC_ITABIRA,dtype,AMCMON,int64,INFO,Tipo estrutural observado
AMC_ITABIRA,coercao,AMCMON,0,INFO,Coercao numerica; amostra: []
AMC_ITABIRA,dtype,AMCWEEK,int64,INFO,Tipo estrutural observado
AMC_ITABIRA,coercao,AMCWEEK,0,INFO,Coercao numerica; amostra: []
AMC_ITABIRA,dtype,AMCDAY,int64,INFO,Tipo estrutural observado
AMC_ITABIRA,coercao,AMCDAY,0,INFO,Coercao numerica; amostra: []
AMC_ITABIRA,dtype,AMCDAY_DATE,object,INFO,Tipo estrutural observado
AMC_ITABIRA,dtype,AMCCALC,object,INFO,Tipo estrutural observado
AMC_ITABIRA,dtype,IMAINDI189,int64,INFO,Tipo estrutural observado
AMC_ITABIRA,coercao,IMAINDI189,0,INFO,Coercao numerica; amostra: []
AMC_ITABIRA,dtype,IMAINDI189_ACTUAL,int64,INFO,Tipo estrutural observado
AMC_ITABIRA,coercao,IMAINDI189_ACTUAL,0,INFO,Coercao numerica; amostra: []
AMC_ITABIRA,dtype,IMAINDI190,int64,INFO,Tipo estrutural observado
AMC_ITABIRA,coercao,IMAINDI190,0,INFO,Coercao numerica; amostra: []
AMC_ITABIRA,dtype,IMAINDI293,int64,INFO,Tipo estrutural observado
AMC_ITABIRA,coercao,IMAINDI293,0,INFO,Coercao numerica; amostra: []
AMC_ITABIRA,dtype,IMAINDI293_ACTUAL,int64,INFO,Tipo estrutural observado
AMC_ITABIRA,coercao,IMAINDI293_ACTUAL,0,INFO,Coercao numerica; amostra: []
AMC_ITABIRA,dtype,IMAINDI294,int64,INFO,Tipo estrutural observado
AMC_ITABIRA,coercao,IMAINDI294,0,INFO,Coercao numerica; amostra: []
AMC_ITABIRA,dtype,RULE1,int64,INFO,Tipo estrutural observado
AMC_ITABIRA,coercao,RULE1,0,INFO,Coercao numerica; amostra: []
AMC_ITABIRA,dtype,RULE2,int64,INFO,Tipo estrutural observado
AMC_ITABIRA,constante,RULE2,0,INFO,Campo constante
AMC_ITABIRA,coercao,RULE2,0,INFO,Coercao numerica; amostra: []
AMC_ITABIRA,dtype,RULE3,int64,INFO,Tipo estrutural observado
AMC_ITABIRA,constante,RULE3,0,INFO,Campo constante
AMC_ITABIRA,coercao,RULE3,0,INFO,Coercao numerica; amostra: []
AMC_ITABIRA,dtype,IMAINDI337,int64,INFO,Tipo estrutural observado
AMC_ITABIRA,coercao,IMAINDI337,0,INFO,Coercao numerica; amostra: []
AMC_ITABIRA,dtype,IMAINDI338,int64,INFO,Tipo estrutural observado
AMC_ITABIRA,coercao,IMAINDI338,0,INFO,Coercao numerica; amostra: []
AMC_ITABIRA,dtype,IMAINDI339,int64,INFO,Tipo estrutural observado
AMC_ITABIRA,coercao,IMAINDI339,0,INFO,Coercao numerica; amostra: []
AMC_ITABIRA,dtype,GRCIA_GRCI_PM_0001,object,INFO,Tipo estrutural observado
AMC_ITABIRA,dtype,OBJID_SUP,int64,INFO,Tipo estrutural observado
AMC_ITABIRA,coercao,OBJID_SUP,0,INFO,Coercao numerica; amostra: []
AMC_ITABIRA,dtype,OBJID_GAR,int64,INFO,Tipo estrutural observado
AMC_ITABIRA,coercao,OBJID_GAR,0,INFO,Coercao numerica; amostra: []
AMC_ITABIRA,dtype,OBJID_GER,int64,INFO,Tipo estrutural observado
AMC_ITABIRA,constante,OBJID_GER,50759242,INFO,Campo constante
AMC_ITABIRA,coercao,OBJID_GER,0,INFO,Coercao numerica; amostra: []
AMC_ITABIRA,dtype,OBJID_GEG,int64,INFO,Tipo estrutural observado
AMC_ITABIRA,constante,OBJID_GEG,50747762,INFO,Campo constante
AMC_ITABIRA,coercao,OBJID_GEG,0,INFO,Coercao numerica; amostra: []
AMC_ITABIRA,dtype,OBJID_DIR,int64,INFO,Tipo estrutural observado
AMC_ITABIRA,constante,OBJID_DIR,50741292,INFO,Campo constante
AMC_ITABIRA,coercao,OBJID_DIR,0,INFO,Coercao numerica; amostra: []
AMC_ITABIRA,dtype,OBJID_DEX,int64,INFO,Tipo estrutural observado
AMC_ITABIRA,constante,OBJID_DEX,50676353,INFO,Campo constante
AMC_ITABIRA,coercao,OBJID_DEX,0,INFO,Coercao numerica; amostra: []
AMC_ITABIRA,dtype,OBJID_CEO,int64,INFO,Tipo estrutural observado
AMC_ITABIRA,constante,OBJID_CEO,50403760,INFO,Campo constante
AMC_ITABIRA,coercao,OBJID_CEO,0,INFO,Coercao numerica; amostra: []
AMC_ITABIRA,dtype,OBJID_SUP_TEXT,object,INFO,Tipo estrutural observado
AMC_ITABIRA,nulos,OBJID_SUP_TEXT,11997,WARNING,Campo contem valores nulos
AMC_ITABIRA,dtype,OBJID_GAR_TEXT,object,INFO,Tipo estrutural observado
AMC_ITABIRA,dtype,OBJID_GER_TEXT,object,INFO,Tipo estrutural observado
AMC_ITABIRA,constante,OBJID_GER_TEXT,GER LAYER MANUTENÇÃO MINA,INFO,Campo constante
AMC_ITABIRA,dtype,OBJID_GEG_TEXT,object,INFO,Tipo estrutural observado
AMC_ITABIRA,constante,OBJID_GEG_TEXT,DIR OPERACAO ITABIRA,INFO,Campo constante
AMC_ITABIRA,dtype,OBJID_DIR_TEXT,object,INFO,Tipo estrutural observado
AMC_ITABIRA,constante,OBJID_DIR_TEXT,DIR CORREDOR SUDESTE,INFO,Campo constante
AMC_ITABIRA,dtype,OBJID_DEX_TEXT,object,INFO,Tipo estrutural observado
AMC_ITABIRA,constante,OBJID_DEX_TEXT,VP EXEC OPERACOES,INFO,Campo constante
AMC_ITABIRA,dtype,OBJID_CEO_TEXT,object,INFO,Tipo estrutural observado
AMC_ITABIRA,constante,OBJID_CEO_TEXT,PRESIDENCIA,INFO,Campo constante
AMC_ITABIRA,dtype,IMAINDI380,int64,INFO,Tipo estrutural observado
AMC_ITABIRA,coercao,IMAINDI380,0,INFO,Coercao numerica; amostra: []
AMC_ITABIRA,dtype,AMCCALC_NA,object,INFO,Tipo estrutural observado
AMC_ITABIRA,nulos,AMCCALC_NA,4,WARNING,Campo contem valores nulos
AMC_ITABIRA,dtype,IMAINDI190_NA,int64,INFO,Tipo estrutural observado
AMC_ITABIRA,coercao,IMAINDI190_NA,0,INFO,Coercao numerica; amostra: []
AMC_ITABIRA,dtype,DTMAXTOLER_NA,int64,INFO,Tipo estrutural observado
AMC_ITABIRA,coercao,DTMAXTOLER_NA,0,INFO,Coercao numerica; amostra: []
AMC_ITABIRA,dtype,IMAINDI189_ACTUAL_NA,int64,INFO,Tipo estrutural observado
AMC_ITABIRA,coercao,IMAINDI189_ACTUAL_NA,0,INFO,Coercao numerica; amostra: []
AMC_ITABIRA,dtype,ORD_ATRIB,float64,INFO,Tipo estrutural observado
AMC_ITABIRA,nulos,ORD_ATRIB,56732,WARNING,Campo contem valores nulos
AMC_ITABIRA,coercao,ORD_ATRIB,0,INFO,Coercao numerica; amostra: []
AMC_ITABIRA,dtype,AMCCALC_BM,object,INFO,Tipo estrutural observado
AMC_ITABIRA,nulos,AMCCALC_BM,4,WARNING,Campo contem valores nulos
AMC_ITABIRA,dtype,IMAINDI189_ACTUAL_BM,int64,INFO,Tipo estrutural observado
AMC_ITABIRA,coercao,IMAINDI189_ACTUAL_BM,0,INFO,Coercao numerica; amostra: []
AMC_ITABIRA,dtype,IMAINDI189_BM,int64,INFO,Tipo estrutural observado
AMC_ITABIRA,coercao,IMAINDI189_BM,0,INFO,Coercao numerica; amostra: []
AMC_ITABIRA,dtype,IMAINDI190_BM,int64,INFO,Tipo estrutural observado
AMC_ITABIRA,coercao,IMAINDI190_BM,0,INFO,Coercao numerica; amostra: []
AMC_ITABIRA,dtype,INNAM,object,INFO,Tipo estrutural observado
AMC_ITABIRA,nulos,INNAM,15739,WARNING,Campo contem valores nulos
AMC_ITABIRA,duplicidade,"CALMONTH,TPLNR",98816,WARNING,Chaves estruturais duplicadas
APR_ITABIRA,dimensao,,135729x109,INFO,Dimensao observada
APR_ITABIRA,dtype,PRIMARY_KEY_JOIN,object,INFO,Tipo estrutural observado
APR_ITABIRA,dtype,PRIMARY_KEY_JOIN_WC,int64,INFO,Tipo estrutural observado
APR_ITABIRA,coercao,PRIMARY_KEY_JOIN_WC,0,INFO,Coercao numerica; amostra: []
APR_ITABIRA,dtype,PRIMARY_KEY_JOIN_FL,object,INFO,Tipo estrutural observado
APR_ITABIRA,dtype,PRIMARY_KEY_JOIN_EQ,object,INFO,Tipo estrutural observado
APR_ITABIRA,nulos,PRIMARY_KEY_JOIN_EQ,135458,WARNING,Campo contem valores nulos
APR_ITABIRA,coercao,PRIMARY_KEY_JOIN_EQ,0,INFO,Coercao numerica; amostra: []
APR_ITABIRA,dtype,PRIMARY_KEY_JOIN_FL_EQ,object,INFO,Tipo estrutural observado
APR_ITABIRA,dtype,UPDATED_ON,object,INFO,Tipo estrutural observado
APR_ITABIRA,dtype,YEAR,int64,INFO,Tipo estrutural observado
APR_ITABIRA,coercao,YEAR,0,INFO,Coercao numerica; amostra: []
APR_ITABIRA,dtype,CALMONTH,int64,INFO,Tipo estrutural observado
APR_ITABIRA,coercao,CALMONTH,0,INFO,Coercao numerica; amostra: []
APR_ITABIRA,dtype,CALWEEK,int64,INFO,Tipo estrutural observado
APR_ITABIRA,coercao,CALWEEK,0,INFO,Coercao numerica; amostra: []
APR_ITABIRA,dtype,BUKRS,int64,INFO,Tipo estrutural observado
APR_ITABIRA,constante,BUKRS,1001,INFO,Campo constante
APR_ITABIRA,coercao,BUKRS,0,INFO,Coercao numerica; amostra: []
APR_ITABIRA,dtype,DIRECT_EXEC_PM_0001,object,INFO,Tipo estrutural observado
APR_ITABIRA,dtype,DIRECTORIA_PM_0001,object,INFO,Tipo estrutural observado
APR_ITABIRA,dtype,GRCIA_AREA_PM_0001,object,INFO,Tipo estrutural observado
APR_ITABIRA,dtype,GRCIA_GRAL_PM_0001,object,INFO,Tipo estrutural observado
APR_ITABIRA,dtype,SUPERV_RESPONSAVEL_PM_0001,object,INFO,Tipo estrutural observado
APR_ITABIRA,dtype,FASE_WC_PM_0001,object,INFO,Tipo estrutural observado
APR_ITABIRA,nulos,FASE_WC_PM_0001,5,WARNING,Campo contem valores nulos
APR_ITABIRA,dtype,EMPRESA_LD3_PM_0001,object,INFO,Tipo estrutural observado
APR_ITABIRA,nulos,EMPRESA_LD3_PM_0001,83156,WARNING,Campo contem valores nulos
APR_ITABIRA,dtype,WC_ENG_RESP_PM_0001,float64,INFO,Tipo estrutural observado
APR_ITABIRA,nulos,WC_ENG_RESP_PM_0001,135729,WARNING,Campo contem valores nulos
APR_ITABIRA,constante,WC_ENG_RESP_PM_0001,,INFO,Campo constante
APR_ITABIRA,dtype,WERKS,int64,INFO,Tipo estrutural observado
APR_ITABIRA,coercao,WERKS,0,INFO,Coercao numerica; amostra: []
APR_ITABIRA,dtype,ARBPL,object,INFO,Tipo estrutural observado
APR_ITABIRA,dtype,OBJID,float64,INFO,Tipo estrutural observado
APR_ITABIRA,nulos,OBJID,135729,WARNING,Campo contem valores nulos
APR_ITABIRA,constante,OBJID,,INFO,Campo constante
APR_ITABIRA,dtype,VERWE,int64,INFO,Tipo estrutural observado
APR_ITABIRA,constante,VERWE,5,INFO,Campo constante
APR_ITABIRA,coercao,VERWE,0,INFO,Coercao numerica; amostra: []
APR_ITABIRA,dtype,VERAN,object,INFO,Tipo estrutural observado
APR_ITABIRA,dtype,LSTAR,object,INFO,Tipo estrutural observado
APR_ITABIRA,nulos,LSTAR,29437,WARNING,Campo contem valores nulos
APR_ITABIRA,dtype,NEGOCIO_PM_0001,object,INFO,Tipo estrutural observado
APR_ITABIRA,nulos,NEGOCIO_PM_0001,9,WARNING,Campo contem valores nulos
APR_ITABIRA,dtype,CORREDOR,object,INFO,Tipo estrutural observado
APR_ITABIRA,nulos,CORREDOR,9,WARNING,Campo contem valores nulos
APR_ITABIRA,dtype,COMPLEXO_PM_0001,object,INFO,Tipo estrutural observado
APR_ITABIRA,nulos,COMPLEXO_PM_0001,9,WARNING,Campo contem valores nulos
APR_ITABIRA,dtype,FASE_FL_PM_0001,object,INFO,Tipo estrutural observado
APR_ITABIRA,nulos,FASE_FL_PM_0001,3614,WARNING,Campo contem valores nulos
APR_ITABIRA,dtype,FASEPROD_FL_PM_0001,object,INFO,Tipo estrutural observado
APR_ITABIRA,nulos,FASEPROD_FL_PM_0001,5288,WARNING,Campo contem valores nulos
APR_ITABIRA,dtype,EQART,int64,INFO,Tipo estrutural observado
APR_ITABIRA,coercao,EQART,0,INFO,Coercao numerica; amostra: []
APR_ITABIRA,dtype,RBNRX,object,INFO,Tipo estrutural observado
APR_ITABIRA,nulos,RBNRX,934,WARNING,Campo contem valores nulos
APR_ITABIRA,dtype,IWERK,float64,INFO,Tipo estrutural observado
APR_ITABIRA,nulos,IWERK,5,WARNING,Campo contem valores nulos
APR_ITABIRA,coercao,IWERK,0,INFO,Coercao numerica; amostra: []
APR_ITABIRA,dtype,TPLNR,object,INFO,Tipo estrutural observado
APR_ITABIRA,dtype,TPLNR_ID,object,INFO,Tipo estrutural observado
APR_ITABIRA,dtype,EQUNR,float64,INFO,Tipo estrutural observado
APR_ITABIRA,nulos,EQUNR,135458,WARNING,Campo contem valores nulos
APR_ITABIRA,coercao,EQUNR,0,INFO,Coercao numerica; amostra: []
APR_ITABIRA,dtype,ABCKZ_FL,object,INFO,Tipo estrutural observado
APR_ITABIRA,nulos,ABCKZ_FL,627,WARNING,Campo contem valores nulos
APR_ITABIRA,dtype,ABCKZ_EQ,float64,INFO,Tipo estrutural observado
APR_ITABIRA,nulos,ABCKZ_EQ,135729,WARNING,Campo contem valores nulos
APR_ITABIRA,constante,ABCKZ_EQ,,INFO,Campo constante
APR_ITABIRA,dtype,ZZCRIT_FL,object,INFO,Tipo estrutural observado
APR_ITABIRA,nulos,ZZCRIT_FL,133352,WARNING,Campo contem valores nulos
APR_ITABIRA,constante,ZZCRIT_FL,X,INFO,Campo constante
APR_ITABIRA,dtype,ZZCOD_RISK_FL,object,INFO,Tipo estrutural observado
APR_ITABIRA,nulos,ZZCOD_RISK_FL,133352,WARNING,Campo contem valores nulos
APR_ITABIRA,dtype,ZZCRIT_EQ,float64,INFO,Tipo estrutural observado
APR_ITABIRA,nulos,ZZCRIT_EQ,135729,WARNING,Campo contem valores nulos
APR_ITABIRA,constante,ZZCRIT_EQ,,INFO,Campo constante
APR_ITABIRA,dtype,ZZCOD_RISK_EQ,float64,INFO,Tipo estrutural observado
APR_ITABIRA,nulos,ZZCOD_RISK_EQ,135729,WARNING,Campo contem valores nulos
APR_ITABIRA,constante,ZZCOD_RISK_EQ,,INFO,Campo constante
APR_ITABIRA,dtype,KOSTL,float64,INFO,Tipo estrutural observado
APR_ITABIRA,nulos,KOSTL,88,WARNING,Campo contem valores nulos
APR_ITABIRA,coercao,KOSTL,0,INFO,Coercao numerica; amostra: []
APR_ITABIRA,dtype,AUFNR,int64,INFO,Tipo estrutural observado
APR_ITABIRA,coercao,AUFNR,0,INFO,Coercao numerica; amostra: []
APR_ITABIRA,dtype,VORNR,int64,INFO,Tipo estrutural observado
APR_ITABIRA,coercao,VORNR,0,INFO,Coercao numerica; amostra: []
APR_ITABIRA,dtype,AUFPL,int64,INFO,Tipo estrutural observado
APR_ITABIRA,coercao,AUFPL,0,INFO,Coercao numerica; amostra: []
APR_ITABIRA,dtype,APLZL,int64,INFO,Tipo estrutural observado
APR_ITABIRA,coercao,APLZL,0,INFO,Coercao numerica; amostra: []
APR_ITABIRA,dtype,ZOV_ARBEI,float64,INFO,Tipo estrutural observado
APR_ITABIRA,coercao,ZOV_ARBEI,0,INFO,Coercao numerica; amostra: []
APR_ITABIRA,dtype,DEVTYPE,object,INFO,Tipo estrutural observado
APR_ITABIRA,nulos,DEVTYPE,34,WARNING,Campo contem valores nulos
APR_ITABIRA,dtype,DEVCODE,object,INFO,Tipo estrutural observado
APR_ITABIRA,dtype,DEVCODESC,object,INFO,Tipo estrutural observado
APR_ITABIRA,dtype,DEVCODESC_EN,object,INFO,Tipo estrutural observado
APR_ITABIRA,dtype,RUECK,int64,INFO,Tipo estrutural observado
APR_ITABIRA,coercao,RUECK,0,INFO,Coercao numerica; amostra: []
APR_ITABIRA,dtype,FSAVD,int64,INFO,Tipo estrutural observado
APR_ITABIRA,coercao,FSAVD,0,INFO,Coercao numerica; amostra: []
APR_ITABIRA,dtype,WWSDT,int64,INFO,Tipo estrutural observado
APR_ITABIRA,coercao,WWSDT,0,INFO,Coercao numerica; amostra: []
APR_ITABIRA,dtype,WWFDT,int64,INFO,Tipo estrutural observado
APR_ITABIRA,coercao,WWFDT,0,INFO,Coercao numerica; amostra: []
APR_ITABIRA,dtype,AUART,object,INFO,Tipo estrutural observado
APR_ITABIRA,dtype,INGRP,object,INFO,Tipo estrutural observado
APR_ITABIRA,nulos,INGRP,27665,WARNING,Campo contem valores nulos
APR_ITABIRA,coercao,INGRP,6,WARNING,"Coercao numerica; amostra: ['AVE', 'AVE', 'AVE']"
APR_ITABIRA,dtype,ILART,object,INFO,Tipo estrutural observado
APR_ITABIRA,dtype,ILATX,float64,INFO,Tipo estrutural observado
APR_ITABIRA,nulos,ILATX,135729,WARNING,Campo contem valores nulos
APR_ITABIRA,constante,ILATX,,INFO,Campo constante
APR_ITABIRA,dtype,KTEXT,object,INFO,Tipo estrutural observado
APR_ITABIRA,dtype,LTXA1,object,INFO,Tipo estrutural observado
APR_ITABIRA,nulos,LTXA1,1172,WARNING,Campo contem valores nulos
APR_ITABIRA,dtype,LTXA2,float64,INFO,Tipo estrutural observado
APR_ITABIRA,nulos,LTXA2,135729,WARNING,Campo contem valores nulos
APR_ITABIRA,constante,LTXA2,,INFO,Campo constante
APR_ITABIRA,dtype,AUFNR_SYSSTATUS,float64,INFO,Tipo estrutural observado
APR_ITABIRA,nulos,AUFNR_SYSSTATUS,135729,WARNING,Campo contem valores nulos
APR_ITABIRA,constante,AUFNR_SYSSTATUS,,INFO,Campo constante
APR_ITABIRA,dtype,AUFNR_USERSTATUS,float64,INFO,Tipo estrutural observado
APR_ITABIRA,nulos,AUFNR_USERSTATUS,135729,WARNING,Campo contem valores nulos
APR_ITABIRA,constante,AUFNR_USERSTATUS,,INFO,Campo constante
APR_ITABIRA,dtype,AUFNR_SYSSTATUS_PT,object,INFO,Tipo estrutural observado
APR_ITABIRA,nulos,AUFNR_SYSSTATUS_PT,4610,WARNING,Campo contem valores nulos
APR_ITABIRA,dtype,AUFNR_USERSTATUS_PT,object,INFO,Tipo estrutural observado
APR_ITABIRA,nulos,AUFNR_USERSTATUS_PT,4610,WARNING,Campo contem valores nulos
APR_ITABIRA,dtype,AUFNR_SYSSTATUS_EN,object,INFO,Tipo estrutural observado
APR_ITABIRA,nulos,AUFNR_SYSSTATUS_EN,4610,WARNING,Campo contem valores nulos
APR_ITABIRA,dtype,AUFNR_USERSTATUS_EN,object,INFO,Tipo estrutural observado
APR_ITABIRA,nulos,AUFNR_USERSTATUS_EN,4610,WARNING,Campo contem valores nulos
APR_ITABIRA,dtype,LAST_USERSTATUS_PT,float64,INFO,Tipo estrutural observado
APR_ITABIRA,nulos,LAST_USERSTATUS_PT,135729,WARNING,Campo contem valores nulos
APR_ITABIRA,constante,LAST_USERSTATUS_PT,,INFO,Campo constante
APR_ITABIRA,dtype,LAST_USERSTATUS_EN,float64,INFO,Tipo estrutural observado
APR_ITABIRA,nulos,LAST_USERSTATUS_EN,135729,WARNING,Campo contem valores nulos
APR_ITABIRA,constante,LAST_USERSTATUS_EN,,INFO,Campo constante
APR_ITABIRA,dtype,DATE_LAST_USERSTATUS_PT,float64,INFO,Tipo estrutural observado
APR_ITABIRA,nulos,DATE_LAST_USERSTATUS_PT,135729,WARNING,Campo contem valores nulos
APR_ITABIRA,constante,DATE_LAST_USERSTATUS_PT,,INFO,Campo constante
APR_ITABIRA,dtype,DATE_LAST_USERSTATUS_EN,float64,INFO,Tipo estrutural observado
APR_ITABIRA,nulos,DATE_LAST_USERSTATUS_EN,135729,WARNING,Campo contem valores nulos
APR_ITABIRA,constante,DATE_LAST_USERSTATUS_EN,,INFO,Campo constante
APR_ITABIRA,dtype,ABCKZ_WO,object,INFO,Tipo estrutural observado
APR_ITABIRA,nulos,ABCKZ_WO,606,WARNING,Campo contem valores nulos
APR_ITABIRA,dtype,PRIOK,int64,INFO,Tipo estrutural observado
APR_ITABIRA,coercao,PRIOK,0,INFO,Coercao numerica; amostra: []
APR_ITABIRA,dtype,LTRMN,float64,INFO,Tipo estrutural observado
APR_ITABIRA,nulos,LTRMN,135729,WARNING,Campo contem valores nulos
APR_ITABIRA,constante,LTRMN,,INFO,Campo constante
APR_ITABIRA,dtype,AFVV_FSAVD,int64,INFO,Tipo estrutural observado
APR_ITABIRA,coercao,AFVV_FSAVD,0,INFO,Coercao numerica; amostra: []
APR_ITABIRA,dtype,AFVV_FSAVZ,int64,INFO,Tipo estrutural observado
APR_ITABIRA,coercao,AFVV_FSAVZ,0,INFO,Coercao numerica; amostra: []
APR_ITABIRA,dtype,AFVV_FSEDD,int64,INFO,Tipo estrutural observado
APR_ITABIRA,coercao,AFVV_FSEDD,0,INFO,Coercao numerica; amostra: []
APR_ITABIRA,dtype,AFVV_FSEDZ,int64,INFO,Tipo estrutural observado
APR_ITABIRA,coercao,AFVV_FSEDZ,0,INFO,Coercao numerica; amostra: []
APR_ITABIRA,dtype,AFKO_GSTRI,int64,INFO,Tipo estrutural observado
APR_ITABIRA,coercao,AFKO_GSTRI,0,INFO,Coercao numerica; amostra: []
APR_ITABIRA,dtype,AFKO_GSUZI,int64,INFO,Tipo estrutural observado
APR_ITABIRA,coercao,AFKO_GSUZI,0,INFO,Coercao numerica; amostra: []
APR_ITABIRA,dtype,AFKO_GETRI,int64,INFO,Tipo estrutural observado
APR_ITABIRA,coercao,AFKO_GETRI,0,INFO,Coercao numerica; amostra: []
APR_ITABIRA,dtype,AFKO_GEUZI,int64,INFO,Tipo estrutural observado
APR_ITABIRA,coercao,AFKO_GEUZI,0,INFO,Coercao numerica; amostra: []
APR_ITABIRA,dtype,EXCLUIR_PLANTA,float64,INFO,Tipo estrutural observado
APR_ITABIRA,nulos,EXCLUIR_PLANTA,135729,WARNING,Campo contem valores nulos
APR_ITABIRA,constante,EXCLUIR_PLANTA,,INFO,Campo constante
APR_ITABIRA,dtype,PLANTA_VALIDA,object,INFO,Tipo estrutural observado
APR_ITABIRA,constante,PLANTA_VALIDA,SIM,INFO,Campo constante
APR_ITABIRA,dtype,FERRAM_PROG,object,INFO,Tipo estrutural observado
APR_ITABIRA,constante,FERRAM_PROG,CM25,INFO,Campo constante
APR_ITABIRA,dtype,IMAINDI63,float64,INFO,Tipo estrutural observado
APR_ITABIRA,nulos,IMAINDI63,135729,WARNING,Campo contem valores nulos
APR_ITABIRA,constante,IMAINDI63,,INFO,Campo constante
APR_ITABIRA,dtype,IMAINDI64,float64,INFO,Tipo estrutural observado
APR_ITABIRA,nulos,IMAINDI64,135729,WARNING,Campo contem valores nulos
APR_ITABIRA,constante,IMAINDI64,,INFO,Campo constante
APR_ITABIRA,dtype,IMAINDI65,float64,INFO,Tipo estrutural observado
APR_ITABIRA,nulos,IMAINDI65,32231,WARNING,Campo contem valores nulos
APR_ITABIRA,coercao,IMAINDI65,0,INFO,Coercao numerica; amostra: []
APR_ITABIRA,dtype,IMAINDI65_IAMO,float64,INFO,Tipo estrutural observado
APR_ITABIRA,nulos,IMAINDI65_IAMO,32231,WARNING,Campo contem valores nulos
APR_ITABIRA,coercao,IMAINDI65_IAMO,0,INFO,Coercao numerica; amostra: []
APR_ITABIRA,dtype,UNID_MED,object,INFO,Tipo estrutural observado
APR_ITABIRA,constante,UNID_MED,H,INFO,Campo constante
APR_ITABIRA,dtype,GRCIA_GRCI_PM_0001,object,INFO,Tipo estrutural observado
APR_ITABIRA,dtype,OBJID_SUP,int64,INFO,Tipo estrutural observado
APR_ITABIRA,coercao,OBJID_SUP,0,INFO,Coercao numerica; amostra: []
APR_ITABIRA,dtype,OBJID_GAR,int64,INFO,Tipo estrutural observado
APR_ITABIRA,coercao,OBJID_GAR,0,INFO,Coercao numerica; amostra: []
APR_ITABIRA,dtype,OBJID_GER,int64,INFO,Tipo estrutural observado
APR_ITABIRA,constante,OBJID_GER,50759242,INFO,Campo constante
APR_ITABIRA,coercao,OBJID_GER,0,INFO,Coercao numerica; amostra: []
APR_ITABIRA,dtype,OBJID_GEG,int64,INFO,Tipo estrutural observado
APR_ITABIRA,constante,OBJID_GEG,50747762,INFO,Campo constante
APR_ITABIRA,coercao,OBJID_GEG,0,INFO,Coercao numerica; amostra: []
APR_ITABIRA,dtype,OBJID_DIR,int64,INFO,Tipo estrutural observado
APR_ITABIRA,constante,OBJID_DIR,50741292,INFO,Campo constante
APR_ITABIRA,coercao,OBJID_DIR,0,INFO,Coercao numerica; amostra: []
APR_ITABIRA,dtype,OBJID_DEX,int64,INFO,Tipo estrutural observado
APR_ITABIRA,constante,OBJID_DEX,50676353,INFO,Campo constante
APR_ITABIRA,coercao,OBJID_DEX,0,INFO,Coercao numerica; amostra: []
APR_ITABIRA,dtype,OBJID_CEO,int64,INFO,Tipo estrutural observado
APR_ITABIRA,constante,OBJID_CEO,50403760,INFO,Campo constante
APR_ITABIRA,coercao,OBJID_CEO,0,INFO,Coercao numerica; amostra: []
APR_ITABIRA,dtype,OBJID_SUP_TEXT,object,INFO,Tipo estrutural observado
APR_ITABIRA,nulos,OBJID_SUP_TEXT,2243,WARNING,Campo contem valores nulos
APR_ITABIRA,dtype,OBJID_GAR_TEXT,object,INFO,Tipo estrutural observado
APR_ITABIRA,dtype,OBJID_GER_TEXT,object,INFO,Tipo estrutural observado
APR_ITABIRA,constante,OBJID_GER_TEXT,GER LAYER MANUTENÇÃO MINA,INFO,Campo constante
APR_ITABIRA,dtype,OBJID_GEG_TEXT,object,INFO,Tipo estrutural observado
APR_ITABIRA,constante,OBJID_GEG_TEXT,DIR OPERACAO ITABIRA,INFO,Campo constante
APR_ITABIRA,dtype,OBJID_DIR_TEXT,object,INFO,Tipo estrutural observado
APR_ITABIRA,constante,OBJID_DIR_TEXT,DIR CORREDOR SUDESTE,INFO,Campo constante
APR_ITABIRA,dtype,OBJID_DEX_TEXT,object,INFO,Tipo estrutural observado
APR_ITABIRA,constante,OBJID_DEX_TEXT,VP EXEC OPERACOES,INFO,Campo constante
APR_ITABIRA,dtype,OBJID_CEO_TEXT,object,INFO,Tipo estrutural observado
APR_ITABIRA,constante,OBJID_CEO_TEXT,PRESIDENCIA,INFO,Campo constante
APR_ITABIRA,dtype,IMAINDI65_IAMO_OP,float64,INFO,Tipo estrutural observado
APR_ITABIRA,nulos,IMAINDI65_IAMO_OP,111656,WARNING,Campo contem valores nulos
APR_ITABIRA,constante,IMAINDI65_IAMO_OP,0.0,INFO,Campo constante
APR_ITABIRA,coercao,IMAINDI65_IAMO_OP,0,INFO,Coercao numerica; amostra: []
APR_ITABIRA,dtype,IMAINDI65_IAMO_BM,float64,INFO,Tipo estrutural observado
APR_ITABIRA,nulos,IMAINDI65_IAMO_BM,28992,WARNING,Campo contem valores nulos
APR_ITABIRA,coercao,IMAINDI65_IAMO_BM,0,INFO,Coercao numerica; amostra: []
APR_ITABIRA,dtype,INNAM,object,INFO,Tipo estrutural observado
APR_ITABIRA,nulos,INNAM,27665,WARNING,Campo contem valores nulos
APR_ITABIRA,duplicidade,"CALMONTH,TPLNR",128378,WARNING,Chaves estruturais duplicadas
Backlog_mina_itabira,dimensao,,306004x129,INFO,Dimensao observada
Backlog_mina_itabira,dtype,PRIMARY_KEY_JOIN,object,INFO,Tipo estrutural observado
Backlog_mina_itabira,nulos,PRIMARY_KEY_JOIN,144,WARNING,Campo contem valores nulos
Backlog_mina_itabira,dtype,PRIMARY_KEY_JOIN_WC,int64,INFO,Tipo estrutural observado
Backlog_mina_itabira,coercao,PRIMARY_KEY_JOIN_WC,0,INFO,Coercao numerica; amostra: []
Backlog_mina_itabira,dtype,PRIMARY_KEY_JOIN_FL,object,INFO,Tipo estrutural observado
Backlog_mina_itabira,nulos,PRIMARY_KEY_JOIN_FL,6293,WARNING,Campo contem valores nulos
Backlog_mina_itabira,dtype,PRIMARY_KEY_JOIN_EQ,object,INFO,Tipo estrutural observado
Backlog_mina_itabira,nulos,PRIMARY_KEY_JOIN_EQ,305344,WARNING,Campo contem valores nulos
Backlog_mina_itabira,coercao,PRIMARY_KEY_JOIN_EQ,0,INFO,Coercao numerica; amostra: []
Backlog_mina_itabira,dtype,PRIMARY_KEY_JOIN_FL_EQ,object,INFO,Tipo estrutural observado
Backlog_mina_itabira,nulos,PRIMARY_KEY_JOIN_FL_EQ,6293,WARNING,Campo contem valores nulos
Backlog_mina_itabira,dtype,UPDATED_ON,object,INFO,Tipo estrutural observado
Backlog_mina_itabira,dtype,YEAR,int64,INFO,Tipo estrutural observado
Backlog_mina_itabira,coercao,YEAR,0,INFO,Coercao numerica; amostra: []
Backlog_mina_itabira,dtype,CALMONTH,int64,INFO,Tipo estrutural observado
Backlog_mina_itabira,coercao,CALMONTH,0,INFO,Coercao numerica; amostra: []
Backlog_mina_itabira,dtype,CALWEEK,int64,INFO,Tipo estrutural observado
Backlog_mina_itabira,coercao,CALWEEK,0,INFO,Coercao numerica; amostra: []
Backlog_mina_itabira,dtype,BUKRS,float64,INFO,Tipo estrutural observado
Backlog_mina_itabira,nulos,BUKRS,144,WARNING,Campo contem valores nulos
Backlog_mina_itabira,coercao,BUKRS,0,INFO,Coercao numerica; amostra: []
Backlog_mina_itabira,dtype,DIRECT_EXEC_PM_0001,object,INFO,Tipo estrutural observado
Backlog_mina_itabira,dtype,DIRECTORIA_PM_0001,object,INFO,Tipo estrutural observado
Backlog_mina_itabira,dtype,GRCIA_AREA_PM_0001,object,INFO,Tipo estrutural observado
Backlog_mina_itabira,nulos,GRCIA_AREA_PM_0001,5,WARNING,Campo contem valores nulos
Backlog_mina_itabira,dtype,GRCIA_GRAL_PM_0001,object,INFO,Tipo estrutural observado
Backlog_mina_itabira,dtype,SUPERV_RESPONSAVEL_PM_0001,object,INFO,Tipo estrutural observado
Backlog_mina_itabira,nulos,SUPERV_RESPONSAVEL_PM_0001,13,WARNING,Campo contem valores nulos
Backlog_mina_itabira,dtype,FASE_WC_PM_0001,object,INFO,Tipo estrutural observado
Backlog_mina_itabira,nulos,FASE_WC_PM_0001,59,WARNING,Campo contem valores nulos
Backlog_mina_itabira,dtype,EMPRESA_LD3_PM_0001,object,INFO,Tipo estrutural observado
Backlog_mina_itabira,nulos,EMPRESA_LD3_PM_0001,212919,WARNING,Campo contem valores nulos
Backlog_mina_itabira,dtype,WC_ENG_RESP_PM_0001,object,INFO,Tipo estrutural observado
Backlog_mina_itabira,nulos,WC_ENG_RESP_PM_0001,305956,WARNING,Campo contem valores nulos
Backlog_mina_itabira,dtype,WERKS,int64,INFO,Tipo estrutural observado
Backlog_mina_itabira,coercao,WERKS,0,INFO,Coercao numerica; amostra: []
Backlog_mina_itabira,dtype,ARBPL,object,INFO,Tipo estrutural observado
Backlog_mina_itabira,dtype,OBJID,float64,INFO,Tipo estrutural observado
Backlog_mina_itabira,nulos,OBJID,306004,WARNING,Campo contem valores nulos
Backlog_mina_itabira,constante,OBJID,,INFO,Campo constante
Backlog_mina_itabira,dtype,NEGOCIO_PM_0001,object,INFO,Tipo estrutural observado
Backlog_mina_itabira,nulos,NEGOCIO_PM_0001,6303,WARNING,Campo contem valores nulos
Backlog_mina_itabira,dtype,CORREDOR,object,INFO,Tipo estrutural observado
Backlog_mina_itabira,nulos,CORREDOR,6303,WARNING,Campo contem valores nulos
Backlog_mina_itabira,dtype,COMPLEXO_PM_0001,object,INFO,Tipo estrutural observado
Backlog_mina_itabira,nulos,COMPLEXO_PM_0001,6303,WARNING,Campo contem valores nulos
Backlog_mina_itabira,dtype,FASE_FL_PM_0001,object,INFO,Tipo estrutural observado
Backlog_mina_itabira,nulos,FASE_FL_PM_0001,15649,WARNING,Campo contem valores nulos
Backlog_mina_itabira,dtype,FASEPROD_FL_PM_0001,object,INFO,Tipo estrutural observado
Backlog_mina_itabira,nulos,FASEPROD_FL_PM_0001,19766,WARNING,Campo contem valores nulos
Backlog_mina_itabira,dtype,EQART,float64,INFO,Tipo estrutural observado
Backlog_mina_itabira,nulos,EQART,6302,WARNING,Campo contem valores nulos
Backlog_mina_itabira,coercao,EQART,0,INFO,Coercao numerica; amostra: []
Backlog_mina_itabira,dtype,RBNRX,object,INFO,Tipo estrutural observado
Backlog_mina_itabira,nulos,RBNRX,8058,WARNING,Campo contem valores nulos
Backlog_mina_itabira,dtype,IWERK,float64,INFO,Tipo estrutural observado
Backlog_mina_itabira,nulos,IWERK,6293,WARNING,Campo contem valores nulos
Backlog_mina_itabira,coercao,IWERK,0,INFO,Coercao numerica; amostra: []
Backlog_mina_itabira,dtype,TPLNR,object,INFO,Tipo estrutural observado
Backlog_mina_itabira,nulos,TPLNR,6293,WARNING,Campo contem valores nulos
Backlog_mina_itabira,dtype,TPLNR_ID,object,INFO,Tipo estrutural observado
Backlog_mina_itabira,nulos,TPLNR_ID,6293,WARNING,Campo contem valores nulos
Backlog_mina_itabira,dtype,EQUNR,float64,INFO,Tipo estrutural observado
Backlog_mina_itabira,nulos,EQUNR,305344,WARNING,Campo contem valores nulos
Backlog_mina_itabira,coercao,EQUNR,0,INFO,Coercao numerica; amostra: []
Backlog_mina_itabira,dtype,ABCKZ_FL,object,INFO,Tipo estrutural observado
Backlog_mina_itabira,nulos,ABCKZ_FL,6975,WARNING,Campo contem valores nulos
Backlog_mina_itabira,dtype,ABCKZ_EQ,object,INFO,Tipo estrutural observado
Backlog_mina_itabira,nulos,ABCKZ_EQ,305344,WARNING,Campo contem valores nulos
Backlog_mina_itabira,dtype,ZZCRIT_FL,object,INFO,Tipo estrutural observado
Backlog_mina_itabira,nulos,ZZCRIT_FL,302843,WARNING,Campo contem valores nulos
Backlog_mina_itabira,constante,ZZCRIT_FL,X,INFO,Campo constante
Backlog_mina_itabira,dtype,ZZCOD_RISK_FL,object,INFO,Tipo estrutural observado
Backlog_mina_itabira,nulos,ZZCOD_RISK_FL,302843,WARNING,Campo contem valores nulos
Backlog_mina_itabira,dtype,ZZCRIT_EQ,object,INFO,Tipo estrutural observado
Backlog_mina_itabira,nulos,ZZCRIT_EQ,305995,WARNING,Campo contem valores nulos
Backlog_mina_itabira,constante,ZZCRIT_EQ,X,INFO,Campo constante
Backlog_mina_itabira,dtype,ZZCOD_RISK_EQ,object,INFO,Tipo estrutural observado
Backlog_mina_itabira,nulos,ZZCOD_RISK_EQ,305995,WARNING,Campo contem valores nulos
Backlog_mina_itabira,constante,ZZCOD_RISK_EQ,CTH-000020354,INFO,Campo constante
Backlog_mina_itabira,dtype,KOSTL,float64,INFO,Tipo estrutural observado
Backlog_mina_itabira,nulos,KOSTL,6636,WARNING,Campo contem valores nulos
Backlog_mina_itabira,coercao,KOSTL,0,INFO,Coercao numerica; amostra: []
Backlog_mina_itabira,dtype,AUFNR,float64,INFO,Tipo estrutural observado
Backlog_mina_itabira,nulos,AUFNR,6293,WARNING,Campo contem valores nulos
Backlog_mina_itabira,coercao,AUFNR,0,INFO,Coercao numerica; amostra: []
Backlog_mina_itabira,dtype,AUART,object,INFO,Tipo estrutural observado
Backlog_mina_itabira,nulos,AUART,6293,WARNING,Campo contem valores nulos
Backlog_mina_itabira,dtype,INGRP,object,INFO,Tipo estrutural observado
Backlog_mina_itabira,nulos,INGRP,44501,WARNING,Campo contem valores nulos
Backlog_mina_itabira,coercao,INGRP,13,WARNING,"Coercao numerica; amostra: ['MEL', 'MEL', 'MEL']"
Backlog_mina_itabira,dtype,ILART,object,INFO,Tipo estrutural observado
Backlog_mina_itabira,nulos,ILART,6293,WARNING,Campo contem valores nulos
Backlog_mina_itabira,dtype,ILATX,float64,INFO,Tipo estrutural observado
Backlog_mina_itabira,nulos,ILATX,306004,WARNING,Campo contem valores nulos
Backlog_mina_itabira,constante,ILATX,,INFO,Campo constante
Backlog_mina_itabira,dtype,KTEXT,object,INFO,Tipo estrutural observado
Backlog_mina_itabira,nulos,KTEXT,6293,WARNING,Campo contem valores nulos
Backlog_mina_itabira,dtype,AUFNR_SYSSTATUS,float64,INFO,Tipo estrutural observado
Backlog_mina_itabira,nulos,AUFNR_SYSSTATUS,306004,WARNING,Campo contem valores nulos
Backlog_mina_itabira,constante,AUFNR_SYSSTATUS,,INFO,Campo constante
Backlog_mina_itabira,dtype,AUFNR_USERSTATUS,float64,INFO,Tipo estrutural observado
Backlog_mina_itabira,nulos,AUFNR_USERSTATUS,306004,WARNING,Campo contem valores nulos
Backlog_mina_itabira,constante,AUFNR_USERSTATUS,,INFO,Campo constante
Backlog_mina_itabira,dtype,AUFNR_SYSSTATUS_PT,object,INFO,Tipo estrutural observado
Backlog_mina_itabira,nulos,AUFNR_SYSSTATUS_PT,6293,WARNING,Campo contem valores nulos
Backlog_mina_itabira,dtype,AUFNR_USERSTATUS_PT,object,INFO,Tipo estrutural observado
Backlog_mina_itabira,nulos,AUFNR_USERSTATUS_PT,6293,WARNING,Campo contem valores nulos
Backlog_mina_itabira,dtype,AUFNR_SYSSTATUS_EN,object,INFO,Tipo estrutural observado
Backlog_mina_itabira,nulos,AUFNR_SYSSTATUS_EN,6293,WARNING,Campo contem valores nulos
Backlog_mina_itabira,dtype,AUFNR_USERSTATUS_EN,object,INFO,Tipo estrutural observado
Backlog_mina_itabira,nulos,AUFNR_USERSTATUS_EN,6293,WARNING,Campo contem valores nulos
Backlog_mina_itabira,dtype,LAST_USERSTATUS_PT,float64,INFO,Tipo estrutural observado
Backlog_mina_itabira,nulos,LAST_USERSTATUS_PT,306004,WARNING,Campo contem valores nulos
Backlog_mina_itabira,constante,LAST_USERSTATUS_PT,,INFO,Campo constante
Backlog_mina_itabira,dtype,LAST_USERSTATUS_EN,float64,INFO,Tipo estrutural observado
Backlog_mina_itabira,nulos,LAST_USERSTATUS_EN,306004,WARNING,Campo contem valores nulos
Backlog_mina_itabira,constante,LAST_USERSTATUS_EN,,INFO,Campo constante
Backlog_mina_itabira,dtype,DATE_LAST_USERSTATUS_PT,float64,INFO,Tipo estrutural observado
Backlog_mina_itabira,nulos,DATE_LAST_USERSTATUS_PT,306004,WARNING,Campo contem valores nulos
Backlog_mina_itabira,constante,DATE_LAST_USERSTATUS_PT,,INFO,Campo constante
Backlog_mina_itabira,dtype,DATE_LAST_USERSTATUS_EN,float64,INFO,Tipo estrutural observado
Backlog_mina_itabira,nulos,DATE_LAST_USERSTATUS_EN,306004,WARNING,Campo contem valores nulos
Backlog_mina_itabira,constante,DATE_LAST_USERSTATUS_EN,,INFO,Campo constante
Backlog_mina_itabira,dtype,STATUS_ATUAL_EN,object,INFO,Tipo estrutural observado
Backlog_mina_itabira,nulos,STATUS_ATUAL_EN,6293,WARNING,Campo contem valores nulos
Backlog_mina_itabira,dtype,STATUS_ATUAL_PT,object,INFO,Tipo estrutural observado
Backlog_mina_itabira,nulos,STATUS_ATUAL_PT,6293,WARNING,Campo contem valores nulos
Backlog_mina_itabira,dtype,VORNR,float64,INFO,Tipo estrutural observado
Backlog_mina_itabira,nulos,VORNR,6293,WARNING,Campo contem valores nulos
Backlog_mina_itabira,coercao,VORNR,0,INFO,Coercao numerica; amostra: []
Backlog_mina_itabira,dtype,AUFPL,float64,INFO,Tipo estrutural observado
Backlog_mina_itabira,nulos,AUFPL,6293,WARNING,Campo contem valores nulos
Backlog_mina_itabira,coercao,AUFPL,0,INFO,Coercao numerica; amostra: []
Backlog_mina_itabira,dtype,APLZL,float64,INFO,Tipo estrutural observado
Backlog_mina_itabira,nulos,APLZL,6293,WARNING,Campo contem valores nulos
Backlog_mina_itabira,coercao,APLZL,0,INFO,Coercao numerica; amostra: []
Backlog_mina_itabira,dtype,VERWE,int64,INFO,Tipo estrutural observado
Backlog_mina_itabira,constante,VERWE,5,INFO,Campo constante
Backlog_mina_itabira,coercao,VERWE,0,INFO,Coercao numerica; amostra: []
Backlog_mina_itabira,dtype,VERAN,object,INFO,Tipo estrutural observado
Backlog_mina_itabira,dtype,STEUS,object,INFO,Tipo estrutural observado
Backlog_mina_itabira,nulos,STEUS,76,WARNING,Campo contem valores nulos
Backlog_mina_itabira,dtype,ABCKZ_WO,object,INFO,Tipo estrutural observado
Backlog_mina_itabira,nulos,ABCKZ_WO,6983,WARNING,Campo contem valores nulos
Backlog_mina_itabira,dtype,PRIOK,float64,INFO,Tipo estrutural observado
Backlog_mina_itabira,nulos,PRIOK,6293,WARNING,Campo contem valores nulos
Backlog_mina_itabira,coercao,PRIOK,0,INFO,Coercao numerica; amostra: []
Backlog_mina_itabira,dtype,LTRMN,float64,INFO,Tipo estrutural observado
Backlog_mina_itabira,nulos,LTRMN,115759,WARNING,Campo contem valores nulos
Backlog_mina_itabira,coercao,LTRMN,0,INFO,Coercao numerica; amostra: []
Backlog_mina_itabira,dtype,LTXA1,object,INFO,Tipo estrutural observado
Backlog_mina_itabira,nulos,LTXA1,7041,WARNING,Campo contem valores nulos
Backlog_mina_itabira,dtype,LTXA2,float64,INFO,Tipo estrutural observado
Backlog_mina_itabira,nulos,LTXA2,306004,WARNING,Campo contem valores nulos
Backlog_mina_itabira,constante,LTXA2,,INFO,Campo constante
Backlog_mina_itabira,dtype,EXCLUIR_PLANTA,float64,INFO,Tipo estrutural observado
Backlog_mina_itabira,nulos,EXCLUIR_PLANTA,306004,WARNING,Campo contem valores nulos
Backlog_mina_itabira,constante,EXCLUIR_PLANTA,,INFO,Campo constante
Backlog_mina_itabira,dtype,PLANTA_VALIDA,object,INFO,Tipo estrutural observado
Backlog_mina_itabira,constante,PLANTA_VALIDA,SIM,INFO,Campo constante
Backlog_mina_itabira,dtype,IMAINDI37,float64,INFO,Tipo estrutural observado
Backlog_mina_itabira,coercao,IMAINDI37,0,INFO,Coercao numerica; amostra: []
Backlog_mina_itabira,dtype,IMAINDI38,float64,INFO,Tipo estrutural observado
Backlog_mina_itabira,coercao,IMAINDI38,0,INFO,Coercao numerica; amostra: []
Backlog_mina_itabira,dtype,IMAINDI266,float64,INFO,Tipo estrutural observado
Backlog_mina_itabira,coercao,IMAINDI266,0,INFO,Coercao numerica; amostra: []
Backlog_mina_itabira,dtype,IMAINDI62,float64,INFO,Tipo estrutural observado
Backlog_mina_itabira,nulos,IMAINDI62,161,WARNING,Campo contem valores nulos
Backlog_mina_itabira,coercao,IMAINDI62,0,INFO,Coercao numerica; amostra: []
Backlog_mina_itabira,dtype,UNID_MED,object,INFO,Tipo estrutural observado
Backlog_mina_itabira,nulos,UNID_MED,1556,WARNING,Campo contem valores nulos
Backlog_mina_itabira,dtype,IMAINDI354,float64,INFO,Tipo estrutural observado
Backlog_mina_itabira,coercao,IMAINDI354,0,INFO,Coercao numerica; amostra: []
Backlog_mina_itabira,dtype,GRCIA_GRCI_PM_0001,object,INFO,Tipo estrutural observado
Backlog_mina_itabira,dtype,OBJID_SUP,int64,INFO,Tipo estrutural observado
Backlog_mina_itabira,coercao,OBJID_SUP,0,INFO,Coercao numerica; amostra: []
Backlog_mina_itabira,dtype,OBJID_GAR,int64,INFO,Tipo estrutural observado
Backlog_mina_itabira,coercao,OBJID_GAR,0,INFO,Coercao numerica; amostra: []
Backlog_mina_itabira,dtype,OBJID_GER,int64,INFO,Tipo estrutural observado
Backlog_mina_itabira,constante,OBJID_GER,50759242,INFO,Campo constante
Backlog_mina_itabira,coercao,OBJID_GER,0,INFO,Coercao numerica; amostra: []
Backlog_mina_itabira,dtype,OBJID_GEG,int64,INFO,Tipo estrutural observado
Backlog_mina_itabira,constante,OBJID_GEG,50747762,INFO,Campo constante
Backlog_mina_itabira,coercao,OBJID_GEG,0,INFO,Coercao numerica; amostra: []
Backlog_mina_itabira,dtype,OBJID_DIR,int64,INFO,Tipo estrutural observado
Backlog_mina_itabira,constante,OBJID_DIR,50741292,INFO,Campo constante
Backlog_mina_itabira,coercao,OBJID_DIR,0,INFO,Coercao numerica; amostra: []
Backlog_mina_itabira,dtype,OBJID_DEX,int64,INFO,Tipo estrutural observado
Backlog_mina_itabira,constante,OBJID_DEX,50676353,INFO,Campo constante
Backlog_mina_itabira,coercao,OBJID_DEX,0,INFO,Coercao numerica; amostra: []
Backlog_mina_itabira,dtype,OBJID_CEO,int64,INFO,Tipo estrutural observado
Backlog_mina_itabira,constante,OBJID_CEO,50403760,INFO,Campo constante
Backlog_mina_itabira,coercao,OBJID_CEO,0,INFO,Coercao numerica; amostra: []
Backlog_mina_itabira,dtype,OBJID_SUP_TEXT,object,INFO,Tipo estrutural observado
Backlog_mina_itabira,nulos,OBJID_SUP_TEXT,5106,WARNING,Campo contem valores nulos
Backlog_mina_itabira,dtype,OBJID_GAR_TEXT,object,INFO,Tipo estrutural observado
Backlog_mina_itabira,dtype,OBJID_GER_TEXT,object,INFO,Tipo estrutural observado
Backlog_mina_itabira,constante,OBJID_GER_TEXT,GER LAYER MANUTENÇÃO MINA,INFO,Campo constante
Backlog_mina_itabira,dtype,OBJID_GEG_TEXT,object,INFO,Tipo estrutural observado
Backlog_mina_itabira,constante,OBJID_GEG_TEXT,DIR OPERACAO ITABIRA,INFO,Campo constante
Backlog_mina_itabira,dtype,OBJID_DIR_TEXT,object,INFO,Tipo estrutural observado
Backlog_mina_itabira,constante,OBJID_DIR_TEXT,DIR CORREDOR SUDESTE,INFO,Campo constante
Backlog_mina_itabira,dtype,OBJID_DEX_TEXT,object,INFO,Tipo estrutural observado
Backlog_mina_itabira,constante,OBJID_DEX_TEXT,VP EXEC OPERACOES,INFO,Campo constante
Backlog_mina_itabira,dtype,OBJID_CEO_TEXT,object,INFO,Tipo estrutural observado
Backlog_mina_itabira,constante,OBJID_CEO_TEXT,PRESIDENCIA,INFO,Campo constante
Backlog_mina_itabira,dtype,CAPACIDADE_VALIDA,object,INFO,Tipo estrutural observado
Backlog_mina_itabira,dtype,IMAINDI381,float64,INFO,Tipo estrutural observado
Backlog_mina_itabira,coercao,IMAINDI381,0,INFO,Coercao numerica; amostra: []
Backlog_mina_itabira,dtype,KAPAR,float64,INFO,Tipo estrutural observado
Backlog_mina_itabira,nulos,KAPAR,161,WARNING,Campo contem valores nulos
Backlog_mina_itabira,coercao,KAPAR,0,INFO,Coercao numerica; amostra: []
Backlog_mina_itabira,dtype,IMAINDI389,float64,INFO,Tipo estrutural observado
Backlog_mina_itabira,coercao,IMAINDI389,0,INFO,Coercao numerica; amostra: []
Backlog_mina_itabira,dtype,IMAINDI390,float64,INFO,Tipo estrutural observado
Backlog_mina_itabira,coercao,IMAINDI390,0,INFO,Coercao numerica; amostra: []
Backlog_mina_itabira,dtype,IMAINDI389_OP,float64,INFO,Tipo estrutural observado
Backlog_mina_itabira,nulos,IMAINDI389_OP,306004,WARNING,Campo contem valores nulos
Backlog_mina_itabira,constante,IMAINDI389_OP,,INFO,Campo constante
Backlog_mina_itabira,dtype,IMAINDI390_OP,float64,INFO,Tipo estrutural observado
Backlog_mina_itabira,nulos,IMAINDI390_OP,306004,WARNING,Campo contem valores nulos
Backlog_mina_itabira,constante,IMAINDI390_OP,,INFO,Campo constante
Backlog_mina_itabira,dtype,IMAINDI37_OP,int64,INFO,Tipo estrutural observado
Backlog_mina_itabira,constante,IMAINDI37_OP,0,INFO,Campo constante
Backlog_mina_itabira,coercao,IMAINDI37_OP,0,INFO,Coercao numerica; amostra: []
Backlog_mina_itabira,dtype,IMAINDI38_OP,int64,INFO,Tipo estrutural observado
Backlog_mina_itabira,constante,IMAINDI38_OP,0,INFO,Campo constante
Backlog_mina_itabira,coercao,IMAINDI38_OP,0,INFO,Coercao numerica; amostra: []
Backlog_mina_itabira,dtype,IMAINDI266_OP,int64,INFO,Tipo estrutural observado
Backlog_mina_itabira,constante,IMAINDI266_OP,0,INFO,Campo constante
Backlog_mina_itabira,coercao,IMAINDI266_OP,0,INFO,Coercao numerica; amostra: []
Backlog_mina_itabira,dtype,IMAINDI381_OP,int64,INFO,Tipo estrutural observado
Backlog_mina_itabira,constante,IMAINDI381_OP,0,INFO,Campo constante
Backlog_mina_itabira,coercao,IMAINDI381_OP,0,INFO,Coercao numerica; amostra: []
Backlog_mina_itabira,dtype,IMAINDI401,float64,INFO,Tipo estrutural observado
Backlog_mina_itabira,coercao,IMAINDI401,0,INFO,Coercao numerica; amostra: []
Backlog_mina_itabira,dtype,IMAINDI401_OP,int64,INFO,Tipo estrutural observado
Backlog_mina_itabira,constante,IMAINDI401_OP,0,INFO,Campo constante
Backlog_mina_itabira,coercao,IMAINDI401_OP,0,INFO,Coercao numerica; amostra: []
Backlog_mina_itabira,dtype,INNAM,object,INFO,Tipo estrutural observado
Backlog_mina_itabira,nulos,INNAM,44501,WARNING,Campo contem valores nulos
Backlog_mina_itabira,dtype,ERDAT,float64,INFO,Tipo estrutural observado
Backlog_mina_itabira,nulos,ERDAT,23462,WARNING,Campo contem valores nulos
Backlog_mina_itabira,coercao,ERDAT,0,INFO,Coercao numerica; amostra: []
Backlog_mina_itabira,dtype,QMNUM,float64,INFO,Tipo estrutural observado
Backlog_mina_itabira,nulos,QMNUM,189889,WARNING,Campo contem valores nulos
Backlog_mina_itabira,coercao,QMNUM,0,INFO,Coercao numerica; amostra: []
Backlog_mina_itabira,dtype,LEAD_QMNUM,float64,INFO,Tipo estrutural observado
Backlog_mina_itabira,nulos,LEAD_QMNUM,296916,WARNING,Campo contem valores nulos
Backlog_mina_itabira,coercao,LEAD_QMNUM,0,INFO,Coercao numerica; amostra: []
Backlog_mina_itabira,dtype,LEAD_LTRMN,float64,INFO,Tipo estrutural observado
Backlog_mina_itabira,nulos,LEAD_LTRMN,296916,WARNING,Campo contem valores nulos
Backlog_mina_itabira,coercao,LEAD_LTRMN,0,INFO,Coercao numerica; amostra: []
Backlog_mina_itabira,dtype,LEAD_AUFNR,float64,INFO,Tipo estrutural observado
Backlog_mina_itabira,nulos,LEAD_AUFNR,295800,WARNING,Campo contem valores nulos
Backlog_mina_itabira,coercao,LEAD_AUFNR,0,INFO,Coercao numerica; amostra: []
Backlog_mina_itabira,dtype,LEAD_AUART,object,INFO,Tipo estrutural observado
Backlog_mina_itabira,nulos,LEAD_AUART,295800,WARNING,Campo contem valores nulos
Backlog_mina_itabira,dtype,GLTRP,float64,INFO,Tipo estrutural observado
Backlog_mina_itabira,nulos,GLTRP,126213,WARNING,Campo contem valores nulos
Backlog_mina_itabira,coercao,GLTRP,0,INFO,Coercao numerica; amostra: []
Backlog_mina_itabira,dtype,LEAD_GLTRP,float64,INFO,Tipo estrutural observado
Backlog_mina_itabira,nulos,LEAD_GLTRP,295800,WARNING,Campo contem valores nulos
Backlog_mina_itabira,coercao,LEAD_GLTRP,0,INFO,Coercao numerica; amostra: []
Backlog_mina_itabira,dtype,MAX_TOLERANCE_DATE,float64,INFO,Tipo estrutural observado
Backlog_mina_itabira,nulos,MAX_TOLERANCE_DATE,245868,WARNING,Campo contem valores nulos
Backlog_mina_itabira,coercao,MAX_TOLERANCE_DATE,0,INFO,Coercao numerica; amostra: []
Backlog_mina_itabira,dtype,LEAD_MAX_TOLER,float64,INFO,Tipo estrutural observado
Backlog_mina_itabira,nulos,LEAD_MAX_TOLER,304888,WARNING,Campo contem valores nulos
Backlog_mina_itabira,coercao,LEAD_MAX_TOLER,0,INFO,Coercao numerica; amostra: []
Backlog_mina_itabira,dtype,ZOV_GLTRP,float64,INFO,Tipo estrutural observado
Backlog_mina_itabira,nulos,ZOV_GLTRP,267878,WARNING,Campo contem valores nulos
Backlog_mina_itabira,coercao,ZOV_GLTRP,0,INFO,Coercao numerica; amostra: []
Backlog_mina_itabira,dtype,LEAD_ZOV_GLTRP,float64,INFO,Tipo estrutural observado
Backlog_mina_itabira,nulos,LEAD_ZOV_GLTRP,305760,WARNING,Campo contem valores nulos
Backlog_mina_itabira,coercao,LEAD_ZOV_GLTRP,0,INFO,Coercao numerica; amostra: []
Backlog_mina_itabira,dtype,WARPL,float64,INFO,Tipo estrutural observado
Backlog_mina_itabira,nulos,WARPL,245741,WARNING,Campo contem valores nulos
Backlog_mina_itabira,coercao,WARPL,0,INFO,Coercao numerica; amostra: []
Backlog_mina_itabira,dtype,LEAD_WARPL,float64,INFO,Tipo estrutural observado
Backlog_mina_itabira,nulos,LEAD_WARPL,304888,WARNING,Campo contem valores nulos
Backlog_mina_itabira,coercao,LEAD_WARPL,0,INFO,Coercao numerica; amostra: []
Backlog_mina_itabira,dtype,POINT,float64,INFO,Tipo estrutural observado
Backlog_mina_itabira,nulos,POINT,267338,WARNING,Campo contem valores nulos
Backlog_mina_itabira,coercao,POINT,0,INFO,Coercao numerica; amostra: []
Backlog_mina_itabira,dtype,LEAD_POINT,float64,INFO,Tipo estrutural observado
Backlog_mina_itabira,nulos,LEAD_POINT,305760,WARNING,Campo contem valores nulos
Backlog_mina_itabira,coercao,LEAD_POINT,0,INFO,Coercao numerica; amostra: []
Backlog_mina_itabira,dtype,DATA_VENCIMENTO_NEW,float64,INFO,Tipo estrutural observado
Backlog_mina_itabira,nulos,DATA_VENCIMENTO_NEW,126213,WARNING,Campo contem valores nulos
Backlog_mina_itabira,coercao,DATA_VENCIMENTO_NEW,0,INFO,Coercao numerica; amostra: []
Backlog_mina_itabira,dtype,DIAS_PARA_VENC_NEW,float64,INFO,Tipo estrutural observado
Backlog_mina_itabira,nulos,DIAS_PARA_VENC_NEW,122522,WARNING,Campo contem valores nulos
Backlog_mina_itabira,coercao,DIAS_PARA_VENC_NEW,0,INFO,Coercao numerica; amostra: []
Backlog_mina_itabira,negativos,DIAS_PARA_VENC_NEW,41015,WARNING,Valores negativos encontrados
Backlog_mina_itabira,dtype,VENC_NEW,float64,INFO,Tipo estrutural observado
Backlog_mina_itabira,nulos,VENC_NEW,122522,WARNING,Campo contem valores nulos
Backlog_mina_itabira,coercao,VENC_NEW,0,INFO,Coercao numerica; amostra: []
Backlog_mina_itabira,dtype,AUFPL_SYSSTATUS_PT,object,INFO,Tipo estrutural observado
Backlog_mina_itabira,nulos,AUFPL_SYSSTATUS_PT,109760,WARNING,Campo contem valores nulos
Backlog_mina_itabira,dtype,AUFPL_USERSTATUS_PT,object,INFO,Tipo estrutural observado
Backlog_mina_itabira,nulos,AUFPL_USERSTATUS_PT,109760,WARNING,Campo contem valores nulos
Backlog_mina_itabira,dtype,AUFPL_SYSSTATUS_EN,object,INFO,Tipo estrutural observado
Backlog_mina_itabira,nulos,AUFPL_SYSSTATUS_EN,109760,WARNING,Campo contem valores nulos
Backlog_mina_itabira,dtype,AUFPL_USERSTATUS_EN,object,INFO,Tipo estrutural observado
Backlog_mina_itabira,nulos,AUFPL_USERSTATUS_EN,109760,WARNING,Campo contem valores nulos
Backlog_mina_itabira,dtype,IMAINDI354_BM,float64,INFO,Tipo estrutural observado
Backlog_mina_itabira,nulos,IMAINDI354_BM,302301,WARNING,Campo contem valores nulos
Backlog_mina_itabira,coercao,IMAINDI354_BM,0,INFO,Coercao numerica; amostra: []
Backlog_mina_itabira,duplicidade,"CALMONTH,TPLNR",290724,WARNING,Chaves estruturais duplicadas
caminhao;carga;perfuracao;infra;AMS_Contador;AMS_Calendario;AMC_ITABIRA;APR_ITABIRA;Backlog_mina_itabira,intersecao_temporal,,16,INFO,Periodos comuns observados
